shortForm	longForm	sense	PT
a0	activite 0 score metavir	1	1
aa	air ambiant	1	1
aaa	anevrisme aorte abdo	1	
aaa	anevrisme aorte abdominale	1	1
aaa	anevrysme ao abdo	1	
aaa	anevrysme aorte abdo	1	
aaa	anevrysme aorte abdominal	1	
aaa	anevrysme aorte abdominale	1	
aag	asthme aigu grave	1	1
aah	allocation adulte handicape	2	1
aan	anticorps anti nucleaire	1	1
aan	anticorps antinucleaire	1	
aap	anti agregation plaquettaire	1	1
aap	antiaggregation plaquettaire	1	
aap	antiagregant plaquettaire	1	
aap	antiagregation plaquettaire	1	
abd	abdominal	1	1
abd	abdominale	1	
abdo	abdoemn	1	
abdo	abdomen	1	1
abdo	abdoment	1	
abdo	abdominal	1	
abdo	abdominale	1	
abdo	abdomino	1	
abdom	abdominal	1	1
abdom	abdominale	1	
abl	ablation	1	1
ablat	ablation	1	1
abpa	aspergillose broncho pulmonaire allergique	1	1
ac	acide	1	1
ac	anticoprs	1	
ac	anticorps	2	1
aca	acrodermatite chronique atrophiante	1	1
acan	anticorps anti nucleaire	1	
acan	anticorps antinucleaire	1	1
acc	anticoagulant circulant	1	1
acc	anticorps anticardiolipides	2	1
acc	anticorps anticardiolipine	2	
acc	anticorps anticardiolipines	2	
ace	antigene carcino embryonnaire	1	1
acfa	ac fa	1	
acfa	arythmie cardiaque par fibrillation auriculaire	1	1
aci	artere carotide interne	1	1
acl	anticorps anti-cardiolipine	1	1
acm	artere cerebrale moyenne	1	1
acp	artere cerebrale posterieure	1	1
acp	auscultation cardio pulmonaire	2	1
acp	auscultation cardiopulmonaire	2	
acp	auscultation cardiorespiratoire	2	
acr	arret cardio respiratoire	1	1
acth	adrenocorticotrophine	1	1
adc	adenocarcinome	1	1
adc	agent de contraste	2	1
adc	coefficient apparent de diffusion	3	1
addicto	addictologue	1	1
addicto	addictologique	1	
adh	Antidiuretic hormone, Hormone antidiuretique (vasopressine)	1	1
adk	adenocarcinome	1	1
adk	adenok	1	
adl	Activities of Daily Living	1	1
adn	acide desoxyribonucleique	1	1
ado	adolescent	1	1
adp	adenopathie	1	1
adp	adenopathies	1	
adv	adenovirus	1	1
aeb	arterio-embolisation bronchique	1	1
aeg	alteration de etat general	1	1
aeg	alteration general	1	
aes	accident d'exposition au sang	1	1
afp	alpha foeto proteine	1	1
afp	alpha foetoproteine	1	
afp	alpha fp	1	
afp	alpha ftoproteine	1	
afp	alphafoetoproteine	1	
afp	alphafp	1	
afs	artere femoral superficiel	1	1
ag	anesthesie general	1	1
ag	antigene	2	1
ag	antigenemie	2	
ahai	anemie hemolytique auto-immune	1	1
aic	accident ischemique cerebral	1	1
aic	avc ischemique cerebral	1	
ains	anti-inflammatoire non steroidien	1	1
aip	artere iliaque primitive	1	1
ait	accident ischemique transitoire	1	1
alat	alanine aminotransferase	1	1
alb	albu	1	
alb	albumine	1	1
alb	albuminemie	1	
alb	albuminurie	2	1
albu	albumine	1	1
albu	albuminemie	1	
albu	albuminurie	2	1
alcool	alcoolemie	1	1
alcool	alcoolique	1	
alcool	alcoolisation	1	
alcool	alcoolisme	1	
ald	affection longue duree	1	1
aldo	aldosterone	1	1
alim	aliment	1	1
alim	alimentaire	1	
alim	alimentation	1	
alk	Anaplastic lymphoma kinase	1	1
all	allaitement	1	1
all	allee	2	1
allerg	allergique	1	1
allergo	allergologique	1	1
allergo	allergologue	1	
alr	anesthesie locoregionale	1	1
alz	alzheimer	1	1
am	arret maladie	1	1
ame	aide medicale de l'Etat	1	1
amh	hormone anti-mullerienne	1	1
ami	artere mammaire interne	1	1
amlo	amlodipine	1	1
amm	autorisation de mise sur le marche	1	1
amo	ablation de materiel d'osteosynthese	1	1
amox	amoxicciline	1	
amox	amoxiciline	1	1
amox	amoxicilline	1	
amox	amoxilline	1	
amp	ampoule	1	1
amput	amputation	1	1
ams	atrophie multisysthematisee	1	1
amyg	amygdalectomie	1	1
amyg	amygdales	2	1
ana	anapath	1	1
anast	anastomose	1	1
anca	anticorps anti-cytoplasme des neutrophiles	1	1
anest	anesthesie	1	1
anesth	anesthesie	1	1
anesth	anesthesique	1	
anesth	anesthesiste	1	
angio	angioplastie	1	1
angioscan	angioscanner	1	1
angioscann	angioscanner	1	1
ant	anterieur	1	1
ant	antero	1	
antibio	antibiotherapie	1	1
antibio	antibiotique	1	
anticoag	anticoagulant	1	1
anticoag	anticoagulation	1	
ao	aorte	1	1
aod	anticoagulants oraux directs	1	1
aomi	arteriopathie du membre inferieur	1	
aomi	arteriopathie mi	1	
aomi	arterite obliterante des membres inferieurs	1	1
aort	aortique	1	1
aorti	aortique	1	1
ap	abdomino pelvien	1	1
apd	analgesie peridurale	1	1
apgar	American Pediatric Groos Assesment Record	1	1
aphp	Assistance publique - Hopitaux de Paris	1	1
apl	anti phospholipide	1	1
apl	anticorps antiphospholipides	1	
aplv	allergie aux proteines de lait de vache	1	1
app	appareille	1	1
app	appareillee	1	
app	appareiller	1	
app	appendicectomie	2	1
app	appendicite	3	1
app	appendiculaire	3	
appa	appareille	1	1
appa	appareillee	1	
appa	appareiller	1	
appareil	appareillage	1	1
appareil	appareille	1	
appareil	appareillee	1	
appareil	appareiller	1	
append	appendicectomie	1	1
append	appendicite	2	1
appt	appartement	1	1
apso	atresie pulmonaire a septum ouvert	1	1
apt	appart	1	1
apt	appartement	1	
apt	appt	1	
ara	antagonistes des recepteurs de l'angiotensine	1	1
ara2	antagoniste des recepteurs de l'angiotensine-2	1	1
arac	cytarabine	1	1
areb	anemie refractaire avec exces de blastes	1	1
arf	ablation par radiofrequence	1	1
arm	angiographie par resonance magnetique	1	1
arn	acide ribonucleique	1	1
ars	agence regionale de sante	1	1
art	artere	1	1
art	arteriel	1	
art	articulaire	2	1
arthro	arthroscopie	1	1
arv	antiretroviral	1	1
as	aide soignante	1	1
asa	Physical status score	1	1
asat	aspartate aminotransferase	1	1
asc	ascendant	1	1
asd	avulsion du dent	1	1
asg	auto surveillance glycemique	1	1
asg	autosurveillance glycemique	1	
ash	agent de service hospitalier	1	1
aslo	Antistreptolysine O	1	1
asp	abdomen sans preparation	1	1
aspi	aspiration	1	1
at	arret	1	
at	arret de travail	1	1
at3	antithrombine 3	1	1
atb	antibiotherapie	1	1
atb	antibiotherpaie	1	
atb	antibiotique	1	
atb	antibotherapie	1	
atb	antiobiotherapie	1	
atb	atbtherapie	1	
atbg	antibiogramme	1	1
atbg	atbgramme	1	
atc	antecedent	1	1
atcd	an antecedent	1	
atcd	antecedant	1	
atcd	antecedants	1	
atcd	antecedent	1	
atcd	antecedent antecedent	1	
atcd	antecedents	1	1
atcd	antecedents antecedent	1	
atcd	atcds	1	
atcd	atcdts	1	
atg	anticoagulation	1	1
atl	Angioplastie transluminale	1	1
atm	articulation temporo mandibulaire	1	1
atp	adenosine triphosphate	1	1
ats	Antithyroidiens de synthese	1	1
atu	autorisation temporaire d'utilisation	1	1
auc	area under curve	1	1
ausc	ausculation	1	1
ausc	auscult	1	
ausc	auscultation	1	
auscul	ausculation	1	1
auscul	auscultation	1	
auscult	auscultation	1	1
auto	automobile	1	1
auto	autonome	2	1
av	acuite visuel	1	1
av	avenue	2	1
avb	accouchement par vb	1	
avb	accouchement par voie bas	1	1
avb	avant bras	2	1
avb	avbs	1	
avc	accident vasculaire cerebral	1	1
avd	Adriamycine Vinblastine Dacarbazine	1	1
ave	avenue	1	1
avk	anti-vitamine K	1	1
avp	accident de la voie publique	1	1
avq	Actes de la Vie Quotidienne	1	1
avs	auxiliaire de vie scolaire	1	1
azt	azidothymidine	1	1
b2	beta 2	1	
b2	beta2	1	1
b2m	beta2microglobuline	1	1
baar	bacilles acido-alcoolo-resistants	1	1
babp	brachio antebrachio palmaire	1	1
bacterio	bacteriologie	1	1
bacterio	bacteriologique	1	
baso	basocellulaire	1	1
baso	basocellulaires	1	
basocell	basocellulaire	1	1
basocell	basocellulaires	1	
bat	batiment	1	1
bat	battements	2	1
bav	baisse de acuite visuel	1	1
bav	bloc atrio ventriculaire	2	1
bav	bloc atrioventriculaire	2	
bav	bloc auriculo ventriculaire	2	
bav	bloc auriculoventriculaire	2	
bav1	bloc atrio ventriculaire 1	1	1
bav2	bloc atrio ventriculaire 2	1	1
bav3	bloc atrio ventriculaire 3	1	1
bb	bloc de branche	1	1
bbd	bb droit	1	
bbd	bbdt	1	
bbd	bdb droit	1	
bbd	bloc de branche droit	1	1
bbd	bloc de branche dt	1	
bbdt	bloc de branche droit	1	1
bbg	bloc de branche gauche	1	1
bbk	babinksi	1	
bbk	babinski	1	1
bbk	babinsky	1	
bcg	Bacillus Calmette-Guerin	1	1
bcp	beaucoup	1	1
bd	boulevard	1	1
bdb	bloc de branche	1	1
bdc	bdcs	1	
bdc	bruist du coeur	1	1
bdc	bruit de cur	1	
bdc	bruit du couer	1	
bdc	bruit du couers	1	
bdc	bruit du cour	1	
bdc	bruit du cours	1	
bdc	bruit du cur	1	
bdc	bruit du curs	1	
bdc	brutis du cur	1	
bdc	buits du cur	1	
bdx	bordeaux	1	1
bdx	brdx	1	
benzo	benzodiazepine	1	1
bep	Bleomycine, Etoposide et cisPlatine	1	1
bes	bilan entree sortie	1	1
bes	bilan entrees sorties	1	
beta2m	beta2microglobuline	1	1
bgn	bacterie gram negatif	1	1
bgp	bacille gram positif	1	1
bgsa	biopsies des glandes salivaires accessoires	1	1
bh	bilan hepatique	1	1
bh	bilan hepatocellulaire	1	
bha	bruit hydro aerique	1	1
bha	bruit hydro aeriques	1	
bha	bruit hydroaerique	1	
bha	bruit hydroaeriques	1	
bhc	bilan hepato cellulaire	1	1
bhc	bilan hepatocellulaire	1	
bhcg	beta hcg	1	1
bhcg	betahcg	1	
bhe	barriere hematoencephalique	1	1
bhr	bacteries hautement resistantes	1	1
bicar	bicarbonate	1	1
bil	bilateral	1	1
bil	bilaterale	1	
bil	bilaterales	1	
bilat	bilateral	1	1
bilat	bilaterale	1	
bilat	bilaterales	1	
bili	bilirubine	1	1
bili	bilirubinemie	1	
bili	billirubine	1	
bilirubin	bilirubinemie	1	1
bilirubine	bilirubinemie	1	1
bio	biologie	1	1
bio	biologique	1	
biol	biologique	1	1
bip	Diametre biparietal	1	1
bisoprol	bisoprolol	1	1
biv	bi ventriculaire	1	1
biv	biventriculaire	1	
bk	bacille de Koch	1	1
bld	blvd	1	
bld	boulevard	1	1
bloq	bloquants	1	1
blse	betalactamases a spectre elargi	1	1
bm	Biopsie medullaire	1	1
bmi	indice de masse corporelle	1	1
bmr	bacterie multi resistante	1	1
bnp	brain natriuretic peptid	1	1
bom	biopsie osteo medullaire	1	1
bom	biopsie osteomedullaire	1	
botox	toxine botulique	1	1
boul	boulevard	1	1
bp	b p	2	
bp	biopsie	1	1
bp	boite postal	2	1
bpco	bronchopneumopathie chronique obstructif	1	1
bpg	bilan pre greffe	1	1
bpm	battement par minute	1	1
bradyc	bradycardie	1	1
breez	breezhaler	1	1
brentux	brentuximab	1	1
bsa	bloc sino-atrial = bloc sino-auriculaire	1	1
bta	balancement thoraco abdominal	1	1
bu	bandelette urinaire	1	1
bud	bilan uro dynamique	1	1
buv	buvable	1	1
bx	bdx	1	
bx	bordeaux	1	1
bx	bordeauxfrance	1	
bx	brdx	1	
bzd	benzodiazepine	1	1
c1	cure 1	1	1
c10	cure 10	1	1
c11	cure 11	1	1
c12	cure 12	1	1
c13	cure 13	1	1
c14	cure 14	1	1
c15	cure 15	1	1
c16	cure 16	1	1
c1j1	cure 1 jour 1	1	1
c1j8	c1 j8	1	
c1j8	cure 1 jour 8	1	1
c2	cure 2	1	1
c26	cure 26	1	1
c2j1	cure 2 jour 1	1	1
c2j8	c2 j8	1	
c2j8	cure 2 jour 8	1	1
c3	cure 3	1	1
c3g	cephalosporine troisieme generation	1	1
c3j1	cure 3 jour 1	1	1
c4	cure 4	1	1
c4j1	cure 4 jour 1	1	1
c4j8	c4 j8	1	1
c5	cure 5	1	1
c5	vertebre cervicale 5	2	1
c5j1	Jour 1 de cure 5	1	1
c6	cure 6	1	1
c6	vertebre cervicale 6	2	1
c6j1	c6 j1	1	
c6j1	cure 6 jour 1	1	1
c7	cure 7	1	1
c8	cure 8	1	1
c8j1	c8 j1	1	1
c9	cure 9	1	1
c9j1	c9 j1	1	1
ca	calcemie	1	
ca	calcium	1	1
caa	chromatographie du acide amine	1	1
cae	conduit auditif externe	1	1
cai	conduit auditif interne	1	1
cal	calcification	1	1
cal	calorie	2	1
calca	calcaneen	1	1
calca	calcaneum	1	
calr	calciurie	1	1
cao	Chromatographie des acides organiques	1	1
cao	chromatographie du acide amine	1	
cap	capecitabine	1	1
cap	capillaire	2	1
car-t	Cellules T porteuses d'un recepteur antigenique chimerique	1	1
carcino	carcinome	1	1
card	cardiaque	1	1
cardia	cardiaque	1	1
cardio	cardiologie	1	1
cardio	cardiologique	1	
cardio	cardiologue	1	
cardiopulm	cardiopulmonaire	1	1
cardiorespi	cardiorespiratoire	1	1
cardiov	cardiovasculaire	1	1
cardiov	cardiovasculaires	1	
carotid	carotidien	1	1
cart	Chimeric Antigen Receptor	1	1
caryo	caryotype	1	1
cat	catheterisme	1	1
cat	conduite a tenir	2	1
cath	catheter	1	1
cath	catheterisme	1	
cathe	catheter	1	1
cathe	catheterisme	1	
cav	canal atrio ventriculaire	1	1
cav	canal atrioventriculaire	1	
cbc	carcinome baso cellulaire	1	1
cbc	carcinome baso cellulaires	1	
cbc	carcinome basocellulaire	1	
cbc	carcinome basocellulaires	1	
cbnpc	cancer bronchique non a petites cellules	1	1
cbp	cirrhose biliaire primitive	1	1
cc	centimetre cube	1	1
cca	chef de clinique assistant	1	1
ccas	centre communal d'action sociale	1	1
cch	crises convulsives hyperthermiques	1	1
cci	carcinome canalaire infiltrant	1	1
ccmh	ou CGMH : concentration corpusculaire moyenne en hemoglobine	1	1
ccp	anti-peptides cycliques citrullines	1	1
ccr	cancer colorectal	1	1
ccum	caecum	1	1
ccvg	chambre de chasse du ventricule gauche	1	1
cd19	covid 19	1	1
cd3	lymphocytes CD3	1	1
cd4	lymphocytes CD4	1	1
cds	centre de sante	1	1
cec	circulation extra corporelle	1	1
cee	choc electrique externe	1	1
cei	choc electrique inapproprie	1	1
ceid	centre d'etude et d'information sur les drogues	1	1
cel	cellule	1	1
cel	chimioembolisation lipiodolée	2	1
cel	chimioembolisation	2	
ceph	cephalique	1	1
certif	certificat	1	1
cerv	cervical	1	1
cerv	cervicale	1	
cesar	cesarienne	1	1
cftr	gene CFTR	1	1
cg	cgr	1	1
cg	culot globulaire	1	
cgh	comparative genomic hybridization	1	1
cgp	cocci gram positif	1	1
cgr	culot globulaire	1	1
cgrs	culots globulaires	1	1
ch	centre hospitalier	1	1
ch	chambre	2	1
chc	carcinome hepato cellulaire	1	1
chc	carcinome hepatocellulaire	1	
chcp	centre hospitalier charles perrens	1	1
chimio	chimiotherapie	1	1
chimiot	chimiotherapie	1	1
chimioth	chimiotherapie	1	1
chip	chimiotherapie hyperthermique intra-peritoneale	1	1
chir	chirrugicaux	1	
chir	chirugicaux	1	
chir	chirurgical	1	1
chir	chirurgicaux	1	
chir	chirurgie	1	
chir	chirurgien	1	
chir	chiurgie	1	
chirur	chirurgical	1	1
chirur	chirurgie	1	
chl	cholesterol	1	1
chol	cholesteral	1	
chol	cholesterol	1	1
chol	cholesterolemie	1	
cholest	cholesterol	1	1
chop	cyclophosphamide, doxorubicine, vincristine et prednisone	1	1
chr	chromosome	1	1
chro	chronique	1	1
chs	centre hospitalier specialise	1	1
chu	centre hospitalier universitaire	1	1
cia	communication inter auriculaire	1	1
cid	carotide interne droit	1	1
cif	centre d'imagerie fonctionnelle	1	1
cig	cigarette	1	1
cig	cigarettes	1	
cin	Cervical Intraepithelial Neoplasia (neoplasie intraepitheliale du col de l'uterus, voir colposcopie)	1	1
cip	chambre implantable	1	1
cip	chambre implantable percutanee	1	
cis	carcinome in situ	1	1
civ	c i v	1	
civ	communication interventriculaire	1	1
civd	coagulation intravasculaire disseminer	1	1
ck	creatine kinase	1	1
cl	centilitre	1	1
clarithro	clarithromycine	1	1
clav	claviculaire	1	
clav	clavicule	1	1
clav	clavier	1	
clav	claviere	1	
clav	clavulanique	2	1
clcc	centre de lutte contre le cancer	1	1
clin	Comite de lutte contre les infections nosocomiales	1	1
cll	chaine leger libre	1	1
clostri	clostridium	1	1
clp	coloscopie	1	1
clu	cortisol libre urinaire	1	1
cm	centimetre	1	1
cm	cms	1	
cm2	centimetre carre	1	1
cmc	centre medico chirurgical	1	1
cmd	cardiomyopathie dilatee	1	1
cmd	cardiomyopathie dilater	1	
cmf	cytometrie en Flux	1	1
cmh	cardiomyopathie hypertrophique	1	1
cmi	cardiomyopathie ischemique	1	1
cmp	Centre Medico Psychologique	1	1
cms	centimetres	1	1
cms	centre medico-social	2	1
cmu	couverture maladie universelle	1	1
cmv	cytomegalovirus	1	1
cn	colique nephretique	1	1
cno	complement nutritionnel oral	1	1
cnr	centre national de reference	1	1
cns	International Prognostic Index	1	1
co	monoxyde de carbone	1	1
co2	dioxyde de carbone	1	1
coag	coagulase	1	1
coag	coagulation	2	1
coelio	coelioscopie	1	1
coelio	coelioscopique	1	
cog	cognitif	1	1
cog	cognitifs	1	
col	colique	1	1
col	colon	1	
col	coloration	2	1
col	coloscopie	3	1
col	colostomie	4	1
coli	escherichia coli	1	1
colo	colonisation	1	1
colo	coloration	2	1
colo	coloscopie	3	1
colo	coloscopies	3	
colo	colostomie	4	1
com	communication	1	1
comp	comprime	1	1
comp	comprimes	1	
conso	consolidation	1	1
conso	consommation	2	1
constip	constipation	1	1
constipat	constipation	1	1
consult	consultation	1	1
cop	coproculture	1	1
cop	Cyclophosphamide, Vincristine, Prednisone	2	1
copro	coproculture	1	1
copro	coprocultures	1	
coro	coronaire	1	1
coro	coronaires	1	
coro	coronarien	1	
coro	coronarienne	1	
coro	coronariens	1	
coro	coronarographie	2	1
coro	coronaropathie	3	1
coron	coronaire	1	1
coron	coronarien	1	
coronaro	coronaropathie	1	1
cortico	corticoides	1	1
corticoth	corticotherapie	1	1
cov	covid	1	
cov	covid19	1	1
covid	covid19	1	1
cp	comprime	1	1
cp	comprimes	1	
cp	cpm	1	
cp	cpr	1	
cp	cps	1	
cpa	culot plaquettaire	1	1
cpap	continuous positive airway pressure	1	1
cpc	cancers pulmonaires a petites cellules	1	1
cpk	creatine phosphokinase	1	1
cpm	cardio-pulmonaire	1	1
cpr	comprime	1	1
cpre	Cholangio Pancreatographie Retrograde Endoscopique	1	1
cps	comprimes	1	1
cpt	code postal	1	1
cr	compte rendu	1	1
crab	hypercalcemie, insuffisance renale, anemie, atteinte osseuse	1	1
cranien	cranienne	1	1
cranien	craniennes	1	
crcm	Centre de Ressources et de Competences de la Mucoviscidose	1	1
creat	creatinine	1	1
creat	creatininemie	1	
creat	creatininurie	2	1
creat	creatinurie	2	
crest	calcinosis, raynaud phenomen, esophageal dysmotility sclerodactyly and telangiectasia, syndrome CREST	1	1
crf	Cortisol Releasing Factor	1	1
crh	compte rendu de hospitalisation	1	1
crop	compte rendu operatoire	1	1
crp	proteine C reactive	1	1
crs	crise	1	1
crs	syndrome de relargage des cytokines	2	1
crt	therapie de resynchronisation cardiaque	1	1
cryo	cryglobulinemie	1	1
cryo	cryoglobuline	2	1
cryo	cryoglobulinemie	1	
cryo	cryoglobulines	1	
cryoglobuline	cryoglobulinemie	1	1
cs	consultation	1	1
csh	cellule souche hematopoietique	1	1
cso	consultation	1	1
csp	cellules souches peripheriques	1	1
cst	coefficient de saturation de la transferrine	1	1
ct	chimiotherapie	1	1
ct	computerized tomography	2	1
ct	Cystectomie	3	1
ct	ophtalmology monofocal platform	4	1
ctap	computed tomography during arterial portography	1	1
ctc	corticoides	1	1
ctc	corticotherapie	2	1
cto	chronic total occlusion	1	1
ctre	centre	1	1
ctsi	computed tomography severity index	1	1
cup	cancer de primitif inconnu	1	1
cup	controle ultime pretransfusionnel	2	1
cut	cutane	1	1
cut	cutanee	1	
cv	cardiovasculaire	1	1
cv	champ visuel	2	1
cv	charge viral	3	1
cvf	capacite vitale forcee	1	1
cvl	capacite vital lent	1	1
cvo	crise vaso occlusive	1	1
cvo	crise vaso occlusives	1	
cvp	catheter veineux peripherique	1	1
cvp	cyclophosphamide vincristine prednisone	2	1
cx	circonflexe	1	1
da	delivrance artificielle	1	1
dai	defibrilateur implantable	1	
dai	defibrillateur automatique implantable	1	1
dai	defibrillateur implantable	1	
daly	disability adjusted life years	1	1
dapto	daptomycine	1	1
das	Disease Activity Score	1	1
dat	dat-scan	1	1
db	diabete	1	1
dbp	dysplasie bronchopulmonaire	1	1
dcd	decede	1	1
dcpp	derivation cavopulmonaire partielle	1	1
dcpt	derivation cavopulmonaire totale	1	1
dd	d dimere	1	
dd	d dimeres	1	
dd	ddimere	1	1
dd	ddimeres	1	
ddb	dilatation du bronche	1	1
ddd	defined daily dose	1	1
ddg	debut de grossesse	1	1
ddim	d dimere	1	
ddim	d dimeres	1	
ddim	ddimere	1	1
ddim	ddimeres	1	
ddr	decollement de retine	1	1
dds	dent de sagesse	1	
dds	dents de sagesse	1	1
dds	dents de sagesses	1	
dec	decembre	1	1
dec	decomp	2	
dec	decompensation	2	1
dechoc	dechocage	1	1
decomp	decompensation	1	1
def	defibrillateur	1	1
deglu	deglutition	1	1
dej	dejeuner	1	1
dem	debit expiratoire maximal	1	1
dem	demence	2	1
demm	debit expiratoire maximal median	1	1
dent	dentaire	1	1
dep	debit expiratoire de pointe	1	1
dep	dependant	2	1
dep	depressif	3	1
dep	depression	3	
depress	depressif	1	1
dermato	dermatologique	1	1
dermato	dermatologue	2	1
dex	dexamethasone	1	1
dexa	dexamethasone	1	1
dfg	debit de filtration glomerulaire	1	1
dg	diabete gestationnel	1	1
dhea	dehydroepiandrosterone	1	1
diab	diabete	1	1
diab	diabetique	2	1
diabeto	diabetologique	1	1
diabeto	diabetologue	2	1
diag	diagnostic	1	1
diagn	diagnostic	1	1
diagn	diagnostiquer	1	
diam	diametre	1	1
dicv	deficit Immunitaire Commun Variable	1	1
did	diabete insulino dependant	1	1
diet	dieteticien	1	1
diet	dietetique	1	
dig	digestif	1	1
dig	digestive	1	
diii	Derivation D3 ECG	1	1
dil	dilatation	1	1
dil	dilatee	1	
dil	dilater	1	
dilat	dilatation	1	1
dir	diabete insulino requerant	1	1
disp	dispersible	1	1
dispo	disponible	1	1
dist	distal	1	1
diu	dispositif intra uterin	1	1
dl	douelur	1	
dl	douleur	1	1
dl	douleurs	1	
dlbcl	diffuse large B-cell lymphomas, lymphome B diffus a grandes cellules	1	1
dlco	diffusion du monoxyde de carbone	1	1
dlg	decubitus lateral gauche	1	1
dli	reinjections de lymphocytes du donneur	1	1
dlqi	Dermatology Life Quality Index	1	1
dmla	degenerescence maculaire liee a l age	1	1
dmo	densite mineral osseux	1	1
dnid	diabete non insulinodependant	1	1
dnn	depistage neo natal	1	1
do	densite optique	1	1
doa	decompensation oedematoascitique	1	1
dobu	dobutamine	1	1
dom	domicile	1	1
dopa	dihydroxyphenylalanine	1	1
doxy	doxycycline	1	1
dp	dialyse peritoneale	1	1
dp	drain pleural	2	1
dp	variation de pression	3	1
dpc	dilatation du cavite pyelocalicielles	1	1
dpc	dilatation pyelocalicielle	1	
dpn	depistage prenatal	1	1
dpni	depistage prenatal non invasif	1	1
dr	docteur	1	1
drepano	drepanocytose	1	1
drp	desobstruction rhinopharynge	1	1
dsa	defibrillateur semi-automatique	1	1
dsm	deficit sensitivo moteur	1	1
dsm	deficit sensitivomoteur	1	
dsm	deficit sentivomoteur	1	
dt	diabete de type	1	1
dt	diabete type	1	
dt	diphterie tetanos	2	1
dt	douleur thoracique	3	1
dt1	diabete de type 1	1	1
dt1	diabete type 1	1	
dt2	diab de type 2	1	
dt2	diab t2	1	
dt2	diab type 2	1	
dt2	diabete 2	1	
dt2	diabete de type 2	1	1
dt2	diabete t2	1	
dt2	diabete type 2	1	
dt2	diabetet2	1	
dt2	diabetique type 2	1	
dt2	dibete type 2	1	
dt2	dt 2	1	
dtc	doppler transcranien	1	1
dtc	dopplers transcraniens	1	
dtd	diametre telediastolique	1	1
dtd	dispositif transdermique	2	1
dtdvg	diametre telediastolique du ventricule gauche	1	1
dte	droite	1	1
dtp	diphterie tetanos polio	1	1
dtp	dtpolio	1	
dtpc	diphterique, tetanique, coquelucheux et poliomyelitique	1	1
dts	dents	1	1
dupuytr	dupuytren	1	1
dv	decubitus ventral	1	1
dve	derivation ventriculaire externe	1	1
dvp	derivation ventriculo peritoneale	1	1
dxm	dexamethasone	1	1
dxm	dexamethazone	1	
dxm	dexamethesone	1	
dyslip	dyslipidemie	1	1
dyslipi	dyslipidemie	1	1
dyslipid	dyslipidemie	1	1
eal	exploration lipidique	1	1
ebna	Epstein-Barr nuclear antigen (antigene nucleaire d'Epstein-Barr)	1	1
ebo	encombrement bronchique	1	1
ebv	epstein barr virus	1	1
eca	enzyme de conversion de l'angiotensine	1	1
ecbc	examen cytobacteriologique du crachat	1	1
ecbt	examen cyto-bacteriologique tracheal	1	1
ecbu	examen cytobacteriologique du urine	1	1
ecg	electrocardiogramme	1	1
echo	echographie	1	1
echo	echographies	1	
echo	echographique	2	1
echocardio	echocardiographie	1	1
echocardio	echocardiographies	1	
echog	echographie	1	1
ecls	extracorporeal life support	1	1
ecmo	extracorporeal membrane oxygenation	1	1
ecog	Eastern Cooperative Oncology Group	1	1
ed	echo doppler	1	1
ed	echodoppler	1	
ed	echographie doppler	1	
edc	episode depressif caracterisé	1	1
edm	etat de mal	1	1
edss	Expanded Disability Status Scale	1	1
edta	ethylene diamine tetraacetique	1	1
ee	epreuve de effort	1	1
eeg	electro encephalogramme	1	1
eeg	electroencephalogramme	1	
eeg	electroencephalogrammes	1	
eep	exploration electrophysiologique	1	1
eer	epuration extra renal	1	1
eer	epuration extrarenale	1	
eff	efferalgan	1	1
efr	efrs	1	
efr	epreuve fonctionnel respiratoire	1	1
efr	exploration fonctionnel respiratoire	1	
efrs	epreuve fonctionnel respiratoire	1	1
efrs	exploration fonctionnel respiratoire	1	
efs	etablissement francais du sang ou epiphysiolyse femorale superieure	1	1
eg	etat general	1	1
egfr	epidermal growth factor receptor	1	1
ehpad	etablissement d'hebergement pour personnes agees dependantes	1	1
ei	effet indesirable	1	1
ei	endocardite	2	1
ei	endocardite infectieux	2	
eig	effets indesirables graves	1	1
ej	ejection	1	1
elisa	enzyme-linked immunosorbent assay, dosage d'immunoadsorption par enzyme liee	1	1
ema	etat de mal asthmatique	1	1
embol	embolisation	1	1
emf	energie multifibre	1	1
emf	energy multifibre	1	
emf	energy multifibres	1	
emg	electromyogramme	1	
emg	electroneuromyogramme	1	1
emg	emng	1	
emg	enmg	1	
ena	anticorps anti noyaux	1	1
encephalo	encephalopathie	1	1
endo	endoscopie	1	1
endoc	endocrinologique	1	1
enmg	electro neuro myogramme	1	
enmg	electroneuromyogramme	1	1
env	environ	1	1
eogd	endoscopie oeso-gastro-duodenale	1	1
ep	embolie pulm	1	
ep	embolie pulmonaire	1	1
ep	epanchement	1	
ep	epanchement pleural	1	
epithelio	epithelioide	1	1
epithelio	epithelioides	1	
epo	erythropoietine	1	1
epp	electrophorese du proteine plasmatique	1	1
epp	electrophorese du protide plasmatique	1	
epps	electrophorese du proteine serique	1	1
eps	electrophorese du proteine serique	1	1
eps	electrophorese du protide serique	1	
epu	electrophorese des proteines urinaires	1	1
esa	extrasystoles atriales	1	1
esat	Etablissements et Services d'Aide par le Travail	1	1
esc	European Society of Cardiology	1	1
espt	etat de stress post-traumatique	1	1
essv	extrasystole ventriculaire	1	1
esv	extra systole ventriculaire	1	1
esv	extra systolie ventriculaire	1	
esv	extrasystole ventriculaire	1	
esv	extrasystolie ventriculaire	1	
etf	echographie transfontanellaire	1	1
etio	etiologie	1	1
etio	etiologique	1	
eto	echographie transoesophagienne	1	1
etp	education therapeutique	1	1
ett	echocardiographie transthoracique	1	
ett	echographie transthoracique	1	1
eva	echelle visuelle analogique	1	1
eval	evaluation	1	1
exam	examen	1	1
expl	exploration	1	1
expo	exposition	1	1
ext	externe	1	1
extr	extremite	1	1
extr	extremites	1	
fa	fibrilation atriale	1	1
fa	fibrilation auriculaire	1	
fa	fibrillation atriale	1	
fa	fibrillation auriculaire	1	
fac	faculte	1	1
fam	familial	1	1
fam	familiaux	1	
fam	famille	1	
fan	facteur antinucleaire	1	1
fav	fistule arterio veineuse	1	1
fav	fistule arterioveineuse	1	
fc	frequence cardiaque	1	1
fcs	faux couche spontane	1	1
fct	fonction	1	1
fcu	frottis cervico uterin	1	1
fcv	frottis cervico vaginal	1	1
fcv	frottis cervicovaginal	1	
fdg	fibroscopie digestif	1	1
fdg	fluorodesoxyglucose	2	1
fdr	facteur de risque	1	1
fdrcv	FDR cardio-vasculaire	1	1
fe	fevg	1	
fe	fraction de ejection	1	1
fem	femoral	1	
fem	femoro	1	
fem	femur	1	1
ferritine	ferritinemie	1	1
fev	fevrier	1	1
fevg	fe vg	1	
fevg	fraction d'ejection du ventricule gauche	1	1
fevr	fevrier	1	1
ffi	faisant fonction d'interne	1	1
fg	fibrinogene	1	1
fg	filtration glomerulaire	2	1
fi	fio2	1	1
fi02	fraction inspiree d'oxygene	1	1
fibro	fibroscopie	1	1
fibro	fibroscopique	1	
fid	fosse iliaque droit	1	1
fig	fosse iliaque gauche	1	1
fio2	fraction inspiree en oxygene	1	1
fish	fluorescence in situ hybridisation	1	1
fiv	fecondation in vitro	1	1
fix	fixateur	1	1
fl	femtolitre	1	1
fl	flacon	2	1
fluo	fluorescence	1	1
fmf	Fievre mediterraneenne familiale	1	1
fmt	frequence maximale theorique	1	1
fo	fond d'oeil	1	1
fo	foramen ovale	2	1
foeto	foetoproteine	1	1
fogd	fibroscopie gastroduodenale	1	1
fogd	fibroscopie oesogastroduodenale	1	
folfox	Acide folinique - 5-fluoro-uracile - oxaliplatine	1	1
fop	foramen ovale permeable	1	1
fp	alpha-foeto-proteine	1	1
fp	fibroscopie	2	1
fpi	fibrose pulmonaire idiopathique	1	1
fq	frequence	1	1
fr	frequence	1	1
fr	frequence respiratoire	2	1
frac	fracture	1	1
frac	fractures	1	
fract	fracture	1	1
fract	fractures	1	
frcv	facteur de risque cardiovasculaire	1	1
frcv	fdr cardiovasculaire	1	
frcv	fdr cv	1	
frcv	fdrcv	1	
freq	frequence	1	1
frs	fracture	1	1
fsh	Follicle stimuling hormone	1	1
ftus	foetus	1	1
fu	fluorouracil	1	1
furo	furosemdie	1	1
fv	fibrillation ventriculaire	1	1
fviii	facteur VIII	1	1
fx	faisceaux	1	1
fx	francois xavier	2	1
g1	grossesse 1	1	1
g13	glasgow 13	1	1
g14	gcs 14	1	
g14	glasgow 14	1	1
g14	gsc 14	1	
g15	g 15	1	
g15	galsgow 15	1	1
g15	gcs 15	1	
g15	gcs15	1	
g15	gg 15	1	
g15	gg15	1	
g15	glasgow 15	1	
g15	glasgow 15 15	1	
g15	gs 15	1	
g15	gs15	1	
g15	gsc 15	1	
g15	gsc15	1	
g15	gsg 15	1	
g15	gsw 15	1	
g1p0	g1 p0	1	
g1p0	grossesse 1 parite 0	1	1
g1p1	g1 p1	1	
g1p1	grossesse 1 parturiente 1	1	1
g2	grossesse 2	1	1
g3	glasgow 3	1	1
g3	grossesse 3	2	1
g3p2	g3 p2	1	
g3p2	grossesse 3 parite 2	1	1
g5	glucose 5	1	1
g5	grossesse 5	2	1
g6pd	glucose 6 phosphate deshydrogenases (deficit enzymatique des erythrocytes)	1	1
gad	glutamate acide decarboxylase	1	1
gafa	glaucome aigu par fermeture de l'angle	1	1
gaj	glycemie a jeun	1	1
gamma-gt	gamma-glutamyl transferase	1	1
ganglion	ganglionnaire	1	1
gastro	gastroenterologie	1	1
gastroduod	gastroduodenal	1	1
gazo	gazometrie	1	1
gb	globule blanc	1	1
gc	glucocorticoides	1	1
gcs	score de glasgow	1	1
gcsf	g csf	1	
gcsf	granulocyte colony-stimulating factor	1	1
gds	gaz du sang	1	1
gdsa	gaz du sang arteriel	1	1
gdt	gradient	1	1
gea	gastroenterite aigue	1	1
gel	gelule	1	1
gel	gelules	1	
gem	glomerulonephrite extramembraneuse	1	1
geno	genotypage	1	
geno	genotype	1	1
gesta	gestationnel	1	1
geu	grossesse extra uterin	1	1
gg	galsgow	1	
gg	gammaglobuline	2	1
gg	ganglion	3	1
gg	ganglionnaire	3	
gg	ganglions	3	
gg	glagow	1	
gg	glasglow	1	
gg	glasgow	1	1
ggt	gamma gt	1	1
ggt	gammagt	1	
gh	groupe hospitalier	1	1
gh	growth hormone	2	1
gist	tumeurs stromales gastro-intestinales	1	1
glob	immunoglobulines	1	1
gls	glasgow	1	1
gly	glyc	1	
gly	glycemie	1	1
gly	glycemies	1	
gly	glycemique	1	
gm	gradient moyen	1	1
gm	granulocyte macrophage	2	1
gm-csf	Granulocyte-macrophage colony stimulating factor, Facteur de stimulation des granulocytes et des macrophages	1	1
gmoy	gdt moyen	1	
gmoy	gmoyen	1	
gmoy	gpmoy	1	
gmoy	gradient moyen	1	1
gmoy	grd moyen	1	
gmoy	grdt moyen	1	
gnrh	gonodotropin-releasing hormone	1	1
gnrp	glomerulonephrite rapidement progressive	1	1
gonal	gonalgie	1	1
gp	glycemie plasmatique	1	1
gp	groupe	2	1
gpa	Gestation pour autrui	1	1
gr	gramme	1	1
grad	grade	1	1
grad	gradient	2	1
grdt	gradient	1	1
gross	grossesse	1	1
gs	galsgow	1	1
gs	gcs	1	
gs	glascow	1	
gs	glasglow	1	
gs	glasgow	1	
gs	gsc	1	
gs	gsg	1	
gs	gsw	1	
gs	gws	1	
gs15	glasgow 15	1	1
gsc	glascow	1	1
gsg	galsgow	1	
gsg	glasglow	1	
gsg	glasgow	1	1
gsw	galsgow	1	
gsw	glascow	1	
gsw	glasglow	1	
gsw	glasgow	1	1
gt	ggt	1	1
gte	goutte	1	1
gte	gouttes	1	
gte	gttes	1	
gtte	gouttes	1	1
gvh	graft versus host	1	1
gvm	grande valve mitrale	1	1
gym	gymnastique	1	1
gyn	gyneco	1	
gyn	gynecologique	1	1
gyne	gyneco	1	
gyne	gynecologique	1	
gyne	gynecologue	1	1
gyneco	gynecologie	1	1
gyneco	gynecologique	1	
h0	heure 0	1	1
h1	heure 1	1	1
h2	heure 2	1	1
h3	heure 3	1	1
h4	heure 4	1	1
h5	Heure 5	1	1
h6	heure 6	1	1
haa	hepatite aigu alcoolique	1	
haa	hepatite alcoolique aigue	1	1
had	hospitalisation a domicile	1	1
hag	Hypertrophie atriale G	1	1
hapto	haptoglobine	1	1
hava	hypertrophie des amygdales palatines et vegetation	1	1
hb	hbs	1	
hb	hemoglobine	1	1
hb	hemoglobinemie	1	
hba1c	hemoglobine glyquee	1	1
hbag	hemi bloc anterieur gauche	1	1
hbag	hemibloc anterieur gauche	1	
hbco	carboxyhemoglobine	1	1
hbf	Hemoglobine foetale	1	1
hbp	hbprostate	1	
hbp	hyperplasie benigne de prostate	1	
hbp	hyperterphie benigne de prostate	1	
hbp	hypertrophie benigne de prostate	1	1
hbpg	hemibloc posterieur gauche	1	1
hbpm	heparine de bas poids moleculaire	1	1
hbs	proteine de surface de l'hepatite b	1	1
hbv	Virus de l'hepatite B	1	1
hcg	hormone chorionique gonadotrope	1	1
hct	hydrochlorothiazide	1	
hct	hydrochlorthiazide	1	1
hct	hypercholesterolemie	2	1
hcv	virus hepatite c	1	1
hd	hemodynamique	1	1
hd	hemodynamiquement	1	
hd	hernie dicale	2	1
hd	hernie discal	2	
hd	hernie discale	2	
hd	hernies discales	2	
hdac	histones deacetylases	1	1
hde	hopital du enfant	1	1
hdj	hopital de jour	1	1
hdj	hospitalisation de jour	1	
hdja	hdj a	1	
hdja	hdj addictologie	1	1
hdl	hidh density lipoprotein cholesterol	1	1
hdlc	hdl cholesterol	1	1
hdlc	high density lipoprotein cholesterol	1	
hdm	histoire de le maladie	1	1
hdm	histoire de maladie	1	
hds	hospitalisation de semaine	1	1
hellp	hemolysis, elevated liver enzymes, low platelets, syndrome d'hemolyse-hepatocytolyse-thrombopenie	1	1
hemato	hematologie	1	1
hemato	hematologique	1	
hemicorp	hemicorporelle	1	1
hemo	hemorragie	1	1
hemoc	hemoculture	1	1
hemocult	hemoculture	1	1
hemod	hemodynamique	1	1
hemod	hemodynamiquement	1	
hemodyn	hemodynamique	1	1
hemodyn	hemodynamiquement	1	
hemodynamique	hemodynamiquement	1	1
hep	hepatique	1	1
hep	hepatiques	1	
hep	hepatite	1	
hepa	hepatique	1	1
hepa	hepatiques	1	
hepa	hepatorenal	1	
hepat	hepatique	1	1
hepat	hepatiques	1	
her2	epidermal growth factor receptor 2	1	1
her2	her 2	1	
hexvix	Hexyl aminolevulinate, produit radiopharmaceutique a usage diagnostique (cystoscopie de fluorescence)	1	1
hfo	hemofiltration	1	1
hg	hemoglobine	1	1
hg	hemoglobinemie	1	
hg	mercure	2	1
hge	hepato gastro enterologie	1	1
hge	hepato gastroenterologie	1	
hgpo	hyperglycemie provoquee par voie orale	1	1
hhv	human herpes virus	1	1
hhv6	herpes human virus type 6	1	1
hhv6	hhv 6	1	
hi	h inguinale	1	
hi	hernie ing	1	
hi	hernie inguinal	1	1
hi	hernie inguinale	1	
hi	hernies inguinales	1	
hia	hemorragie intra-alveolaire	1	1
hib	haemophilus influenza B	1	1
hid	hernie inguinal droite	1	1
hid	hernie inguinale droite	1	
hid	hernie inguinale drt	1	
hid	hernie inguinale dte	1	
hifu	Transrectal high intensity focused ultrasound,	1	1
hig	h inguinale	1	
hig	hernie ing g	1	
hig	hernie inguinale g	1	
hig	hernie inguinale gauche	1	1
hig	hernie inguinale gch	1	
hig	hernie inguinale gche	1	
hig	hernie inguinales	1	
hig	hernies inguinales	1	
hig	hi g	1	
hig	hi gauche	1	
hil	hilaire	1	1
his	histoire	1	1
hit	heparin-induced thrombocytopenia	1	1
hiv	virus de l'immunodeficience humaine	1	1
hj	hdj	1	
hj	hopital de jour	1	1
hl	haut leveque	2	1
hla	human leukocyte antigen	1	1
hlh	hemianopsie lateral homonyme	1	1
hlpnn	hyperleucocytose a polynucleaires neutrophiles	1	1
hmg	gonadotrophine menopausique humaine	1	1
hmg	hepatomegalie	2	1
hnf	heparine non fractionnee	1	1
hnr	Hyperplasie nodulaire regenerative, Hyperplasie nodulaire regenerative du foie	1	1
ho	hospitalisation d'office	1	1
hosp	hospitalier	1	1
hospi	hospitalisation	1	1
hospit	hospitalier	1	
hospit	hospitalisation	1	1
hospit	hospitaliser	1	
hp	h pylori	1	
hp	helicobacter pylori	1	1
hphc	hyperproteinees hypercaloriques	1	
hphc	hyperprotidique hypercalorique	1	1
hpn	hemoglobinurie paroxystique nocturne	1	1
hpp	hemorragie du post partum	1	1
hppi	hemorragie du post partum immediat	1	1
hpv	Human papillomavirus	1	1
hr	heure	1	1
hr	HR-NBLO2 radiotherapy protocol	2	1
hrp	hematome retro-placentaire	1	1
hsd	hematome sous dural	1	1
hsd	hematome sous durale	1	
hsd	hematome sous duraux	1	
hsf	hyalinose segmentaire et focale	1	1
hsh	hommes ayant des rapports sexuels avec des hommes	1	1
hshc	hemisuccinate de hydrocortisone	1	1
hsm	hepato splenomegalie	1	1
hsm	hepatosplenomegalie	1	
hsmg	hepato splenomegalie	1	1
hsmg	hepatosplenomegalie	1	
hsv	herpes simplex virus	1	1
hsv1	hsv 1	1	1
ht	haut	1	1
hta	h t a	1	
hta	hyperta	1	
hta	hypertension arteriel	1	
hta	hypertension arterielle	1	1
htap	hypertension arteriel pulmonaire	1	1
htap	hypertension arterielle pulmonaire	1	
htc	hematocrite	1	1
hte	haute	1	1
hte	hematocrite	2	1
htic	hypertension intra cranienne	1	1
htic	hypertension intracranien	1	
htic	hypertension intracranienne	1	
htic	hypotension intracranien	1	
htlv	htlv1	1	
htlv	virus T-lymphotrope humain	1	1
hto	hypota orthostatique	1	
hto	hypotension ortho	1	
hto	hypotension orthostatique	1	1
hto	hypotention orthostatique	1	
htp	hypertension portal	1	1
hv	halgus valgus	1	
hv	hallus valgus	1	
hv	hallux valgus	1	1
hv	halus valgus	1	
hv	halux valgus	1	
hvb	hepatite virale b	1	1
hvc	hepatite chronique virale c	1	1
hvd	hypertrophie ventriculaire droit	1	1
hvg	hv gche	1	
hvg	hypertrophie du ventricule gauche	1	1
hvg	hypertrophie du vg	1	
hvg	hypertrophie ventriculaire g	1	
hvg	hypertrophie ventriculaire gauche	1	
hvg	hypertrophie ventriculaire gche	1	
hvg	hypertrophie vg	1	
hydrat	hydratation	1	1
hydro	hydroelectrolytique	1	1
hyperaldo	hyperaldosteronisme	1	1
hypercho	hypercholesterolemie	1	1
hyperchol	hypercholesterolemie	1	1
hypergamma	hypergammaglobulinemie	1	1
hyperk	hyperkaliemie	1	1
hypert	hypertension	1	1
hypert	hypertrophique	2	1
hypok	hypokaliemie	1	1
hypoperf	hypoperfusion	1	1
hypot	hypotension	1	1
hypothyr	hypothyroidie	1	1
hysterect	hysterectomie	1	1
hz	hertz	1	1
ia	insuffisance aortique	1	1
iade	infirmier anesthesiste diplome d'etat	1	1
iadl	instrumental Activities of Daily Living	1	1
iah	index de apnees hypopnees	1	1
iao	ins aortique	1	
iao	insuf aortique	1	
iao	insuffisance aortique	1	1
ic	insuffisance cardiaque	1	1
ice	insuffisance cardiaque	1	1
icg	insuffisance cardiaque gauche	1	1
icp	implant de chambre posterieur	1	1
idac	doses intermediaires de cytarabine	1	1
ide	infirmiere diplomee d'etat	1	1
idel	ide liberal	1	1
idg	interne de garde	1	1
idh	isocitrates deshydrogenases 1	1	1
idh1	idh 1	1	
idh1	isocitrate deshydrogenase 1	1	1
idm	infarctus du myocarde	1	1
idr	intradermoreaction a la tuberculine	1	1
iec	inhibiteur de l'enzyme de conversion	1	1
if	immunofluorescence	1	1
ifd	immunofluorescence direct	1	1
ifi	Immunofluorescence indirecte	1	1
ifm	Etude clinique IFM	1	1
ifm	Intergroupe francophone du myelome	2	1
ifn	Interferon	1	1
ifx	infleximab	1	
ifx	infliximab	1	1
ig	igs	1	
ig	immunoglobine	1	1
ig	immunoglobines	1	
ig	immunoglobuline	1	
ig	inferieur gauche	1	
iga	immunoglobuline a	1	1
ige	immunoglobuline e	1	1
igf	insulin growth factor	1	1
igg	gammaglobuline	1	
igg	ig g	1	
igg	immunoglobuline gamma	1	1
igh	infection genital haut	1	1
igiv	immunoglobuline intraveineux	1	1
igm	ig m	1	1
igm	immunoglobuline M	1	
igs	Indice de Gravite Simplifie	1	1
ihc	insuffisance hepatocellulaire	1	1
iiib	Stade 3B	1	1
il	interleukine	1	1
il-6	Interleukine 6	1	1
ileo	ileocolique	1	1
ileo	ileostomie	2	1
iliaq	iliaque	1	1
im	insuffisance mitral	1	
im	insuffisance mitrale	1	1
imc	indice de masse corporelle	1	1
ime	Institut medico-educatif	1	1
imf	insuffisance mitrale fonctionnelle	1	1
imf	infection materno foetale	2	1
imf	infection maternofoetale	2	
img	interruption medical de grossesse	1	1
immuno	immunoglobuline	1	1
immuno	immunologie	2	1
immuno	immunologique	2	
imn	immunologique	1	1
imp	impasse	1	1
imp	impedance	2	1
imv	intoxication medicamenteux volontaire	1	1
inf	infectieux	1	1
inf	infectiologie	1	
inf	infection	1	
inf	infections	1	
inf	inferieur	2	1
inf	inferieurs	2	
inf	infero	2	
inf	inflammatoire	3	1
infarct	infarctus	1	1
infectio	infectiologique	1	1
infectio	infectiologue	1	
infl	inflammatoire	1	1
inflam	inflammation	1	1
inflam	inflammatoire	1	
info	information	1	1
ing	inguinal	1	1
ing	inguinale	1	
ing	inguinales	1	
inh	isoniazide	1	1
inj	injection	1	1
inr	International Normalized Ratio	1	1
ins	insuffisance	1	1
ins	insuffisant	1	
ins	insufisance	1	
inspi	inspiration	1	1
insu	insuff	1	
insu	insuffisance	1	1
insu	insuffisant	1	
insu	insufisance	1	
insuf	insuffisance	1	1
insuf	insuffisant	1	
insuf	insufisance	1	
insuff	insuffisance	1	1
insuff	insuffisant	1	
inter	intervention	1	1
intol	intolerance	1	1
intox	intoxication	1	1
intub	intubation	1	1
ioa	infirmiere organisatrice de l'accueil	1	1
iono	iongoramme	1	
iono	ionnogramme	1	
iono	ionogamme	1	
iono	ionograme	1	
iono	ionogrames	1	
iono	ionogramme	1	1
iot	intubation oro tracheale	1	1
ip	insuffisance pulmonaire	1	1
ipap	Inspiratory positive airway pressure	1	1
ipd	interphalangienne distale	1	1
ipi	Index Pronostique International	1	1
ipp	inhibiteur de la pompe a protons	1	1
ips	index de pression systolique	1	1
ipss	International prostate score symptoms	1	1
ir	i renale	1	
ir	ins renale	1	
ir	insf renale	1	
ir	insuf renal	1	
ir	insuf renale	1	
ir	insuff renal	1	
ir	insuff renale	1	
ir	insuffisance renal	1	
ir	insuffisance renale	1	1
ir	insuffisant renal	1	
ir	irenale	1	
ira	insuffisance renale aigue	1	1
irc	i renale chronique	1	
irc	ins renale chronique	1	
irc	insuf renale chronique	1	
irc	insuff renale chronique	1	
irc	insuffis renale chronique	1	
irc	insuffisance renale chronique	1	1
irc	insuffisance respiratoire chronique	2	1
irc	insuffisant renal chronique	1	
irc	insufisance renale chronique	1	
irc	ir chronique	1	
irc	irco	1	
irc	irenale c	1	
irc	irenalec	1	
iris	syndrome inflammatoire de reconstitution immune	1	1
irm	imagerie par resonance magnetique	1	1
irm	irms	1	
irmc	irm cerebral	1	1
irreg	irregulier	1	1
irs	inhibiteur de la recapture de la serotonine	1	1
isc	ischemique	1	1
isch	ischemie	1	1
isch	ischemique	1	
iso	infection du site operatoire	1	1
isrs	Inhibiteur selectif de la recapture de la serotonine	1	1
iss	International. Staging System	1	1
ist	infection sexuellement transmissible	1	1
it	insuffisance tricuspide	1	1
it	insuffisance tricuspidienne	1	
itep	Les Instituts therapeutiques educatifs et pedagogiques	1	1
itk	Inhibiteur de tyrosine kinase	1	1
itt	Incapacite Temporaire Totale	1	1
itv	integrale temps vitesse	1	1
itv	itvsao	1	
itv	itvss	1	
itv	itvssao	1	
iu	in utero	1	1
iu	incontinence urinaire	2	1
iu	infection urinaire	3	1
iu	unite	4	1
iv	i v	1	
iv	intraveineux	1	1
iva	inter ventriculaire anterieur	1	1
iva	interventriculaire anterieur	1	
ivb	insuffisance vertebro-basilaire	1	1
ivc	insuffisance veineuse chronique	1	1
ivd	insuffisance ventriculaire droite	1	1
ivg	interruption volontaire de grossesse	1	1
ivg	interventriculaire gauche	2	1
ivg	insuffisance ventriculaire gauche	3	1
ivl	intra veineux lente	1	1
ivp	insuffisance veineux peripherique	1	1
ivp	interventriculaire posterieur	2	1
ivse	intra veineux seringue electrique	1	1
j0	jour 0	1	1
j1	j 1	1	
j1	jour 1	1	1
j10	jour 10	1	1
j11	jour 11	1	1
j12	jour 12	1	1
j13	jour 13	1	1
j14	jour 14	1	1
j15	jour 15	1	1
j17	jour 17	1	1
j18	jour 18	1	1
j1c1	jour 1 cure 1	1	1
j2	jour 2	1	1
j20	jour 20	1	1
j21	jour 21	1	1
j29	jour 29	1	1
j3	j 3	1	
j3	jour 3	1	1
j4	jour 4	1	1
j5	jour 5	1	1
j6	jour 6	1	1
j7	j 7	1	
j7	jour 7	1	1
j8	jour 8	1	1
j9	jour 9	1	1
jak	tyrosine kinase Jak2	1	1
jak2	jack2	1	
jak2	jak 2	1	
jak2	tyrosine kinase Jak2	1	1
jan	janvier	1	1
janv	janvier	1	1
jcv	jc virus	1	1
jr	jour	1	1
jr	journalier	1	
jug	jugulaire	1	1
juil	juillet	1	1
juill	juillet	1	1
k1	vitamine k1	1	1
ka	keratose actinique	1	1
ka	kyste arachnoidien	2	1
kc	cancer	1	1
kcal	kilocalorie	1	1
kco	coefficient de diffusion du CO	1	1
kd	Kyprolis dexamethasone	1	1
keto	ketoprofene	1	1
kg	kgs	1	
kg	kilogramme	1	1
kgs	kilogramme	1	1
ki67	Antigene Ki 67	1	1
ki67	ki 67	1	
kine	kinesitherapeute	1	1
kine	kinesitherapeutique	1	
kine	kinesitherapie	1	
kine	kinestherapie	1	
kps	keratite ponctue superficiel	1	1
kps	keratite ponctuer superficiel	1	
kt	catheter	1	1
kta	kt arteriel	1	1
ktc	kt central	1	1
ktd	catheter droit	1	1
kto	catheter obture	1	1
ktt	Catheter tunnelise	1	1
ktvo	catheter veineux ombilical	1	1
l1	vertebre lombaire 1	1	1
l2	vertebre lombaire 2	1	1
l3	vertebre lombaire 3	1	1
l4	vertebre lombaire 4	1	1
l4l5	l4 l5	1	1
l5	vertebre lombaire 5	1	1
labo	laboratoire	1	1
lact	lactate	1	1
laf	lampe a fente	1	1
lal	leucemie aigue lymphoide	1	1
lam	leucemie aigue myeloide	1	1
lam1	leucemie aigue myeloide	1	1
laparo	laparoscopie	1	1
laparo	laparotomie	2	1
lat	lateral	1	1
lat	latero	1	
lata	limitation therapeutique	1	1
lb	lymphome b	1	1
lba	lavage broncho alveolaire	1	1
lba	lavage bronchoalveolaire	1	
lbdgc	lymphome B diffus a grandes cellules	1	1
lc	ligament croise	1	1
lca	ligament croise anterieur	1	1
lcp	ligament croise posterieur, posterior cruciate ligament	1	1
lcr	liquide cephalo rachidien	1	1
lcs	liquide cerebrospinal	1	1
ldh	Lactate deshydrogenase	1	1
ldl	low density lipoprotein	1	1
ldlc	ldl calculer	1	1
leri	test de Leri	1	1
leuco	leucocyte	1	1
lf	low flow	1	1
lf	lymphome	2	1
lgl	large granular lymphocytes	1	
lgl	leucemie a grands lymphocytes	1	1
lh	luteinizing hormone	1	1
lh	lymphome de hodgkin	2	1
lh	lymphome hodgkinien	1	
lh-rh	luteinizing hormone releasing hormone	1	1
li	ligament interne	1	1
lid	lobaire inferieur droit	1	1
lid	lobaire inferieur droite	1	
lid	lobe inferieur droit	1	
lig	ligament	2	1
lig	ligaments	2	
lig	ligature	3	1
lig	ligatures	3	
lig	lobaire inferieur gauche	1	1
lig	lobe inferieur gauche	1	
lipase	lipasemie	1	1
lisp	lits identifies soins palliatifs	1	1
llc	leucemie lymphoide chronique	1	1
lle	ligament lateral externe / interne	1	1
lli	ligamentoplastie	1	1
lmc	leucemie myeloide chronique	1	1
lmmc	leucemie myelomonocytaire chronique	1	1
lmnh	lymphome malin non hodgkinien	1	1
ln	lunette nasal	1	1
lnh	lymphome non hodgkinien	1	1
loco	locomoteur	1	1
locomot	locomoteur	1	1
lomb	lombaire	1	1
lp	a liberation prolongee	1	1
lsd	lobaire superieur droit	1	1
lsd	lobaire superieur droite	1	
lsd	lobe superieur droit	1	
lsd	lsdt	1	
lsg	lobaire sup gauche	1	
lsg	lobaire superieur gauche	1	1
lsg	lobe superieur gauche	1	
lst	tumeurs d'extension laterale	1	1
lvad	left ventricular assist devices, dispositif d'assistance du ventricule gauche	1	1
lvo	ligature des varices oesophagiennes	1	1
lympho	lymphocyte	1	1
m3	mois 3	1	1
m6	mois 6	1	1
mac	Mycobacterium avium-intracellulare	1	1
mae	Meat acoustique externe	1	1
mae	medicament anti-epileptique	2	1
maf	mouvement actif	1	1
maf	mouvements actifs foetaux	2	1
mag	magnesemie	1	
mag	magnesium	1	1
mag	myelin-associated glycoprotein	2	1
maia	Maisons pour l'autonomie et l'integration des malades Alzheimer	1	1
maj	majoration	1	1
mal	maladie	1	1
malt	lymphome du tissu lymphoide associe aux muqueuses	1	1
mam	mammaire	1	1
mammo	mammographie	1	1
mand	mandibulaire	1	1
map	menace de accouchement premature	1	1
mapa	mesure ambulatoire de la pression arterielle	1	1
mat	maternel	1	1
mat	matin	2	1
mat	microangiopathie thrombotique	3	1
mater	maternel	1	1
mav	malformation arterio veineuse	1	1
mav	malformation arterio veineuses	1	
mav	malformation arterioveineuse	1	
mav	malformation arterioveineuses	1	
max	maxillaire	1	1
max	maximal	2	1
max	maximum	2	
maxi	maximal	1	1
maxi	maximum	1	
mayo	Score endoscopique de Mayo	1	1
mb	membre	1	1
mbg	membrane basale glomerulaire	1	1
mc	mac	1	1
mce	massage cardiaque externe	1	1
mcg	medecin generaliste	1	1
mci	milliCurie	1	1
mci	moniteur cardiaque implantable	2	1
mci	myoc isch	3	
mci	myoc ischemique	3	
mci	myocardiopathie ischemique	3	1
mci	trouble cognitif leger	4	1
mcl	lymphome a cellules du manteau	1	1
mco	medecine, chirurgie, obstetrique	1	1
mcp	metacarpo phalangien	1	1
mcp	metacarpophalangiennes	1	
mdh	Maladie de Hodgkin	1	1
mdma	Stupefiant derive des amphetamines (methylenedioxymetamphetamine) (ecstasy)	1	1
mdph	maison departementale des personnes handicapees	1	1
mdrd	modification of the diet renal disease/chronic kydney disease - epidemiology collaboration, estimation de la fonction renale	1	1
mds	myelodysplasie	1	1
mdsi	Maison Departementale de la Solidarite et de l'Insertion	1	1
mdv	mode de vie	1	1
meca	mecanique	1	1
med	medecin	1	1
med	medecine	1	
med	mediastinal	2	1
med	medical	1	
med	medicale	1	
med	medicament	3	1
med	medicamenteuse	3	
med	medicamenteux	3	
med	medicaux	1	
med	medico	1	
med	medullaire	4	1
medic	medical	1	1
medic	medicamenteuse	2	1
medic	medicamenteux	2	
medic	medicaux	1	
meld	Model for End-Stage Liver Disease	1	1
meopa	melange equimoleculaire oxygene-protoxyde d'azote	1	1
meta	metabolique	1	1
meta	metacarpien	2	1
meta	metastase	3	1
meta	metastases	3	
meta	metastatique	3	
meta	metatarse	4	1
meta	metatarsien	4	
metho	methotrexate	1	1
meti	meticilline	1	1
meti	meticillino	1	
mf	myelofibrose	1	1
mfiu	mort foetale in utero	1	1
mg	magnesium	1	1
mg	milligramme	2	1
mgus	Monoclonal gammopathy of undetermined significance	1	1
mh	maladie de hodgkin	1	1
mhc	masque a haute concentration	1	1
mhd	mesures hygienodietetiques	1	1
mi	membre inferieur	1	1
mib	Molecular Immunology Borstel	1	1
mibg	metaiodobenzylguanidine	1	1
mici	maladie inflammatoire chronique de l'intestin	1	1
miction	mictionnelle	1	1
mid	membre inferieur droit	1	1
mig	mammaire interne gauche	1	1
mig	migraine	2	1
min	minimum	1	1
min	minute	2	1
mingazzi	mingazzini	1	1
ml	millilitre	1	1
mll	Mixed-Lineage Leukemia	1	1
mm	millimetre	1	1
mmh	maladie du membrane hyalin	1	1
mmhg	millimetre de mercure	1	1
mmhg	mm hg	1	
mmol	millimoles	1	1
mmrc	Score de dyspnee du modified medical research council	1	1
mms	Mini Mental Test	1	1
mmse	Mini Mental State Examination	1	1
mmv	murmure vesiculaire	1	1
mn	minute	1	1
mni	Mononucleose infectieuse	1	1
mod	modere	1	1
mod	moderee	1	
mod	moderer	1	
modic	classification de lombalgies	1	1
modif	modification	1	1
mody	maturity-onset diabete of the young, diabete rare d'origine genetique	1	1
mog	anticorps anti myelin oligodendrocyte glycoprotein	1	1
moll	mmol l	1	1
moll	mmoll	1	
moll	mol l	1	
morpho	morphologie	1	1
morpho	morphologique	1	
mot	moteur	1	1
moy	moyen	1	1
moy	moyenne	1	
mp	maladie professionnelle	1	1
mp	melphalan prednisone	2	1
mpi	maladie de parkinson idiopathique	1	1
mpl	myeloproliferative leukemia virus	1	1
mpo	myeloperoxydase	1	1
mpr	medecine physique et de readaptation	1	1
mpv	maladie de paget vulvaire	1	1
mpv	melphalan prednisone velcade	2	1
mr	monsieur	1	1
mrc	Medical research council	1	1
mrd	maladie residuelle minime	1	1
mrd1	Margin reflex distance	1	1
ms	membre superieur	1	1
ms	milliseconde	2	1
msd	membre superieur droit	1	1
msd	ms droit	1	
msec	milliseconde	1	1
msg	membre superieur gauche	1	1
msp	maison de sante pluridisciplinaire	1	1
mss	microsatellites stables	1	1
mst	Maladie sexuellement transmissible	1	1
mt	medecin traitant	1	1
mte	maladie thrombo-embolique veineuse	1	1
mtev	maladie thrombo embolique veineux	1	1
mtev	maladie thromboembolique veineux	1	
mtp	metatarsophalangienne	1	1
mtx	methorexate	1	
mtx	methothrexate	1	1
mtx	methotraxate	1	
mtx	methotraxte	1	
mtx	methotrexate	1	
mtx	methtrexate	1	
mtx	metothrexate	1	
mtx	metotrexate	1	
mu	m ui	1	
mu	mui	1	
mu	million d'unite internationale	1	1
muco	mucoviscidose	1	1
mui	million d'unite internationale	1	1
mv	mumure vesiculaire	1	1
mv	mumures vesiculaire	1	
mv	murmur vesiculaire	1	
mv	murmure vesiculaire	1	
mvo	maladie veino-occlusive	1	1
mx	maximal	1	1
myc	mycobac	1	
myc	mycobacterie	1	1
myc	mycobacteriologie	1	
myc	mycologie	1	
myc	proto-oncogene myc	2	1
myco	mycobacterie	1	1
myco	mycologie	1	
myco	mycoplasme	2	1
mycobac	mycobacterie	1	1
mycobact	mycobacterie	1	1
myelo	myelogramme	3	1
nac	N-acetylcysteine	1	1
naco	nouveaux anticoagulants oraux	1	1
nascet	North american symptomatic cartotid endarterectomy trial	1	1
nash	Non Alcoolic Steato Hepatitis	1	1
nbi	narrow band imaging	1	1
ncb	nevralgie cervico brachiale	1	1
ncb	nevralgie cervicobrachiale	1	
nch	neurochirurgie	1	1
neg	negatif	1	1
neg	negative	1	
neg	negatives	1	
nem	neoplasies endocriniennes multiples	1	1
nem1	neoplasie endocrinienne multiple type 1	1	1
neo	neoplasie	1	1
neo	neoplasique	1	
nephro	nephrologie	1	1
nephro	nephrologique	1	
nephro	nephrologue	1	
neuro	neurocognitif	1	1
neuro	neurocognitifs	1	
neuro	neurogene	2	1
neuro	neurologie	1	
neuro	neurologique	1	
neuro	neuronopathie	2	
neuro	neuropathie	2	
neuro	neuropathique	2	
neuro	neuropsychologique	3	1
neuro	neuroradiologue	4	1
neuro	neuroradiologues	1	
neuro	neuroscience	1	
neuro	neurovasculaire	5	1
neurochir	neurochirurgie	6	1
neurocog	neurocognitif	1	1
neurocog	neurocognitifs	1	
neuropsy	neuropsychologique	1	1
neuroradio	neuroradiologie	1	1
neuroradio	neuroradiologue	1	
neuroradio	neuroradiologues	1	
neurovasc	neurovasculaire	1	1
neutro	neutrophile	1	1
nf	nfs	1	
nf	numeration formule sanguine	1	1
nfs	numeration de formule sanguin	1	
nfs	numeration formule sanguin	1	1
ng	nanogramme	1	1
ngs	next-generation sequencing	1	1
nhl	lymphome non hodgkinien	1	1
nih	National Institutes of Health Stroke Scale	1	1
nih	nihhs	1	
nih	nihss	1	
nihss	National institute of health stroke scale	1	1
nirs	spectroscopie dans le proche infrarouge	1	1
nit	nitrite	1	1
niv	niveau	1	1
nivo	nivolumab	1	1
nl	normal	1	1
nlpc	nephrolithotomie percutanee	1	1
nm	nanometre	1	1
nmda	acide N-methyl-D-aspartique	1	1
nmo	neuromyelite optique	1	1
nn	Nouveau-ne	1	1
no	monoxyde d'azote	1	1
nod	nodule	1	1
nod	nodules	1	
noia	neuropathie optique ischemique anterieure	1	1
noiaa	neuropathie optique ischemique anterieure aigue	1	1
norb	nevrite optique retrobulbaire	1	1
nov	novembre	1	1
np	neuropathie	1	1
npad	nutrition parenteral a domicile	1	1
npe	nutrition parenteral	1	1
npe	nutrition parenterale	1	
nph	insuline neutral protamine hagedorn	1	1
npm	nerf pectoral medial	1	1
npm	nucleophosphomin1	2	1
nras	mutation proteine N-RAS	1	1
nsip	pneumopathie interstitielle non specifique	1	1
nta	necrose tubulaire aigue	1	1
num	numeration de formule sanguin	1	1
nvpo	nausees et vomissements postoperatoires	1	1
nvus	naevus	1	1
nyha	New York Heart Association Functional Classification	1	1
o2	oxygene	1	1
oacr	occlusion de l'artere centrale de la retine	1	1
oap	oedeme aigu du poumon	1	1
obj	objectif	1	1
obs	obstetricaux	1	1
obst	obstetrical	1	1
obst	obstetricaux	1	
obst	obstructif	2	1
occlus	occlusion	1	1
oct	ocotbre	1	
oct	octobre	1	1
octo	octobre	1	1
od	oeil droit	1	1
od	oreille droite	2	1
od	oreillette droit	3	1
odg	oeil droit gauche	1	1
odm	osteodensitometrie	1	1
odm	osteodensitometrie osseux	1	
oeso	oesophage	1	1
og	oeil gauche	1	1
og	oreille gauche	2	1
og	oreillette gauche	3	1
og	ovaire gauche	4	1
oge	organe genital externe	1	1
oh	alcool	1	1
oi	ouverture interne	1	1
oma	otite moyen aigu	1	1
oma	otite moyen aigue	1	
omb	ombilical	1	1
omb	ombilicale	1	
ombilic	ombilical	1	1
ombilic	ombilicale	1	
omi	oedemes du membre inferieur	1	1
oms	organisation mondiale de la sante	1	1
oms1	score organisation mondial de la sante 1	1	1
onco	oncologie	1	1
onco	oncologique	1	
onco	oncologue	1	
op	operation	1	
op	operatoire	1	1
op	opere	1	
op	operee	1	
op	operer	1	
ope	operees	1	1
operatoir	operatoire	1	1
oph	ophtalmo	1	1
oph	ophtalmologie	1	
oph	ophtalmologique	1	
oph	ophtalmologiste	1	
oph	ophtalmologue	1	
oph	opthalmo	1	
opht	ophtalmo	1	
opht	ophtalmologique	1	1
ophtalmo	ophtalmologique	1	1
ophtalmo	ophtalmologiste	1	
opn	os propre du nez	1	1
ordo	ordonance	1	1
ordo	ordonnance	1	
ordo	ordonnnance	1	
ordo	ordos	1	
orl	oto rhino laryngologie	1	1
orod	orodispersibl	1	
orod	orodispersible	1	1
orodisp	orodispersible	1	1
orth	orthopedique	1	1
ortho	orthopedie	1	1
ortho	orthopedique	1	
ortho	orthopediste	1	
ortho	orthophonique	2	1
ortho	orthostatique	3	1
ovcr	occlusion vasculaire	1	1
p16	proteine p 16 kinase cycline-dependante 2A	1	1
pa	pression arteriel	1	1
pac	pontage aorto coronarien	1	1
paco2	pression arterielle partielle en dioxyde de carbone	1	1
pacs	picture archiving and communication system	1	1
pad	pression arterielle diastolique	1	1
pag	petit poids pour l'age gestationnel	1	1
pal	phosphatase alcalin	1	1
palu	paludisme	1	1
pam	pression arterielle moyenne	1	1
pan	periarterite noueuse	1	1
pano	panoramique	1	1
pao2	pression arterielle en oxygene	1	1
pap	papillaire	1	1
pap	pression arteriel pulmonaire	2	1
papm	pression arterielle pulmonaire moyenne	1	1
papo	pression arterielle pulmonaire d'occlusion	1	1
paps	pap systolique	1	
paps	pression arterielle pulmonaire systolique	1	1
paq	paquet	1	1
paq	paquets	1	
parathyroide	parathyroidectomie	1	1
parox	paroxystique	1	1
parvo	parvovirus	1	1
pas	pression arterielle systolique	1	1
pasi	Psoriasis Area and Severity Index	1	1
pass	permanences d'acces aux soins de sante	1	1
pat	paternel	1	1
patho	pathologie	1	1
patho	pathologique	1	
pavm	pneumopathies acquises sous ventilation mecanique	1	1
pb	probleme	1	1
pbh	ponction biopsie hepatique	1	1
pbr	ponction biopsie renal	1	1
pc	pair craniennes	1	1
pc	paire cranien	1	
pc	paire craniennes	1	
pc	perimetre cranien	4	1
pc	perte de connaissance	2	1
pc	produit de contraste	3	1
pca	Patient Controlled Analgesia	1	1
pcap	p capillaire	1	
pcap	pression capillaire	1	1
pcc	pancreatite chronique calcifiante	1	1
pci	perte de connaissance initiale	1	1
pcn	pc de naissance	1	
pcn	perimetre cranien	1	1
pco2	paco2	1	
pco2	pco 2	1	
pco2	pression partiel en CO2	1	1
pcp	Pression Continue Profonde	1	1
pcr	polymerase chain reaction	1	1
pct	procalcitonine	1	1
pd-l1	Programmed death-ligand 1	1	1
pdc	produit de contraste	1	1
pdl	pd l1	1	
pdl	PD-L1	1	
pdl	Programmed death-ligand 1	1	1
pdl	pilule du lendemain	2	1
pdl1	Programmed death-ligand 1	1	1
pdr	pdre	1	
pdr	poudre	1	1
pds	poids	1	1
pdt	pendant	1	1
pea	Palmitoylethanolamide	1	1
pea	pustulose exanthematique aigue	2	1
pec	prise en charge	1	1
ped	pediatre	1	1
ped	pediatrie	1	
ped	pediatrique	1	
ped	pediatriques	1	
pedopsy	pedopsychiatrique	1	1
peep	pression expiratoire positive	1	1
peg	pegasparaginase	1	1
peg	pelmeg	2	1
peg	polyethylene glycol	3	1
pel	pellegrin	1	1
pel	pelvien	2	1
pel	pelvis	2	
pelv	pelvien	1	1
pelv	pelvis	1	
pem	potentiels evoques moteurs	1	1
peni	penicilline	1	1
pep	pression expiratoire positive	1	1
perc	percevoir	1	1
perf	perfusion	1	1
perfusion	perfusionnel	1	1
pericardiq	pericardique	1	1
perip	peripherique	1	1
periph	peripherique	1	1
periph	peripheriques	1	
perop	peroperatoire	1	1
perso	personnel	1	1
pet	positron emission tomography	1	1
pev	potentiels evoques visuels	1	1
pf	paralysie facial	1	1
pf	paralysie faciale	1	
pfc	paralysie facial	1	1
pfc	paralysie faciale	1	
pfg	paralysie faciale gauche	1	1
pfg	pf gauche	1	
pfla	pneumopathie franc lobaire	1	
pfla	pneumopathie franc lobaire aigue	1	1
pfo	foramen ovale permeable	1	1
pfp	paralysie facial peripherique	1	
pfp	paralysie faciale peripherique	1	1
pfp	pontage femoro pop	2	
pfp	pontage femoro poplite	2	1
pfp	pontage femoropoplite	2	
pg	picogramme	1	1
pg5	polyionique g5	1	1
ph	potentiel hydrogene	1	1
phc	praticien hospitalier contractuel	1	1
photo	photomoteur	1	1
photo	photomoteurs	1	
phs	pneumopathies d'hypersensibilite	1	1
pht	prothese totale de hanche	1	1
physio	physiologique	1	1
pi	Prothese Intermediaire	1	1
pic	pression intracranienne ou pneumopathie interstitielle commune	1	1
pica	artere cerebelleuse posterieure inferieure	1	1
picc	peripherally inserted central catheter	1	1
picc	piccline	1	
picco	pulse index continuous cardiac output, analyse du debit cardiaque par contour de l'onde de pouls	1	1
pid	pneumopathie interstitielle diffuse	1	1
pidc	polyneuropathie inflammatoire demyelinisante chronique	1	1
pins	pneumopathie interstitielle non specifique	1	1
pio	pression pulmonaire	1	1
pip	pression inspiratoire positive	1	1
pj	pneumocystis j	1	1
pl	ponction lombaire	1	1
plaq	plaquettaire	1	
plaq	plaquette	1	1
plaq	plaquettes	1	
plaque	plaquette	1	1
plq	palquettaire	1	
plq	plaq	1	
plq	plaquettaire	1	
plq	plaquette	1	1
plq	plaquettes	1	
plq	plqt	1	
pls	plusieurs	1	1
plv	prelevement	1	1
pm	pace maker	1	1
pm	pacemaker	1	
pma	procreation medicalement assistee	1	1
pmax	pression maximal	1	1
pmc	pneumocoque	1	1
pmi	protection maternelle infantile	1	1
pmk	pace maker	1	1
pmk	pacemaker	1	
pmr	preparation magistral	1	1
pn	polynucleaire neutrophile	1	1
pna	pyelonephrite aigu	1	1
pna	pyelonephrite aigue	1	
pnb	polynucleaire basophile	1	1
pne	polynucleaire eosinophile	1	1
pneo	polynucleaire eosinophile	1	1
pnet	primitive neuroectodermal tumor	1	1
pneumo	pneumologie	1	1
pneumo	pneumologique	1	
pneumo	pneumologue	1	
pnn	polynucleaire neutrophile	1	1
pno	pneumothorax	1	1
pnp	pneumopathie	1	1
po	per os	1	1
po2	pao2	1	
po2	pression arterielle en oxygene	1	1
po2	pression en oxygene	1	
poc	pneumonie organisee cryptogenique	1	1
pod	pression oreillette droite	1	1
poem	myotomie per-oral endoscopique	1	1
poic	pseudo-obstruction intestinale chronique	1	1
polyclin	polyclinique	1	1
polyn	polynucleaire	1	1
polyuro	polyuropolydipsique	1	1
pom	paralysie du nerf oculomoteur	1	1
pos	positif	1	1
poso	posologie	1	1
post	posterieur	1	1
poul	pouls	1	1
pp	pouls periph	1	
pp	pouls peripherique	1	1
pp	pouls peripheriques	1	
ppc	Pression Positive Continue	1	1
ppcn	pression positive continue nasale	1	1
ppm	partie par million	1	1
ppr	pseudo polyarthrite rhizomelique	1	1
ppr	pseudopolyarthrite rhizomelique	1	
pq	plaq	1	
pq	plaquettaire	1	
pq	plaquette	1	1
pq	plq	1	
pq	plqt	1	
pr	professeur	1	1
pr3	proteinase 3	1	1
prat	praticien	1	1
prema	premature	1	1
preop	preoperatoire	1	1
prep	preparation	1	1
prev	prevention	1	1
prf	perf	1	
prf	perfuse	1	
prf	perfusion	1	1
prnc	polyradiculonevrite chronique	1	1
prob	probleme	1	1
proba	probabilite	1	1
procto	proctologique	1	1
prof	professeur	1	1
prof	profession	1	
prolaps	prolapsus	1	1
prot	proteine	1	1
prot	proteines	1	
prot	proteinogramme	1	
prot	protide	1	
prot	protidemie	1	
prox	proximal	1	1
prvg	pr vg	1	
prvg	pression de remplissage du ventricule gauche	1	1
ps	pas	1	1
ps	performance status OMS	2	1
ps	proteine S100	3	1
ps	proteine serique	3	
ps	pseudomonas	4	1
psa	prostatic specific antigen, antigene specifique de prostate	1	1
pse	pousse seringue electrique	1	1
psg	prise de sang	1	1
pso	pedicle substraction osteotomy	1	1
pso	pression	1	
pso	pression systolique d'orteil	2	1
pso	psoriasis	3	1
psp	paralysie supranucleaire progressive	1	1
psvd	pression systolique ventriculaire droite	1	1
psy	pathologie psychiatrique	1	1
psy	psychiatre	2	1
psy	psychiatrique	1	
psy	psychiatriques	1	
psy	psycho	1	
psy	psychologique	1	
psy	psychologue	2	
psy	psychose	1	
psychomot	psychomoteur	1	1
pt	point	1	1
ptcl	peripheral T-cell lymphome, lymphome peripherique T	1	1
ptdvg	pression telediastolique du ventricule gauche	1	1
ptg	prothese de genou	1	
ptg	prothese de genoux	1	
ptg	prothese du genou	1	
ptg	prothese genou	1	
ptg	prothese genoux	1	
ptg	prothese totale de genou	1	1
ptg	protheses de genoux	1	
ptg	protheses genoux	1	
ptg	pt genou	1	
ptg	ptgenou	1	
pth	parathormone	1	1
pth	prothese de hanche	2	
pth	prothese hanche	2	
pth	prothese total de hanche	2	1
pth	prothese totale de hanche	2	
pth	protheses de hanche	2	
pthg	prothese totale de hanche gauche	1	1
pti	purpura thrombopenique idiopathique	1	1
ptld	Post-transplant lymphoproliferative disease,	1	1
ptm	pression transmurale	1	1
ptm	probleme temporomandibulaire	2	1
pts	point de suture	1	1
pts	points	1	
ptsd	syndrome de stress post-traumatique	1	1
ptu	Propylthiouracile	1	1
pul	pulmonaire	1	1
pulm	pulmonaire	1	1
pulm	pulmonaires	1	
pulmo	pulmonaire	1	1
pulv	pulverisation	1	1
pv	parvo	1	
pv	parvob19	1	1
pv	parvovirus	1	
pvm	prolapsus valve mitrale	1	1
pyelo	pyelocalicielle	1	1
pyelo	pyelocalicielles	1	
pyelo	pyelonephrite	1	
pyo	pseudomonas aeruginosa	1	1
qq	qlq	1	
qq	qqs	1	
qq	quelque	1	1
qr	aspect QR a l'ECG	1	1
qr	quotient respiratoire	2	1
qsp	quantite suffisante pour	1	1
qtc	qt corriger	1	1
r-chop	Rituxan (rituximab) - Cytoxan (cyclophosphamide) - hydroxydoxorubicine - Oncovin (vincristine) - Prednisone	1	1
r1	rankin 1	1	1
r1	ratio 1	2	1
ra	rac	1	
ra	rao	1	
ra	raortique	1	
ra	reserve alcalin	2	1
ra	retrecissement ao	1	
ra	retrecissement aortique	1	1
ra	retrecissment aortique	1	
ra	retressissement aortique	1	
ra	rvao	1	
raa	rhumatisme articulaire aigu	1	1
rac	ra calcifie	1	
rac	rao calcifie	1	
rac	retrecissement aortique calcifie	1	1
rach	recepteur a l'acetylcholine	1	1
rachi	rachianesthesie	1	1
rad	radio	1	
rad	radiographie	1	1
rad	retour a domicile	2	
rad	retour au domicile	2	1
radio	radiographie	1	1
radio	radiologie	1	
radio	radiologique	1	
radio	radiologue	1	
radio	radiotherapie	2	1
radiochimio	radiochimiotherapie	1	1
radiot	radiotherapie	1	1
radioth	radiotherapie	1	1
radiothe	radiotherapie	1	1
rai	recherche d'anticorps irreguliers	1	1
rao	raortique	1	
rao	retrecissement ao	1	
rao	retrecissement aortique	1	1
rao	retrecissment aortique	1	
rao	retressissement aortique	1	
rap	rappel	1	1
ras	rass	1	
ras	rien a signaler	1	1
rass	Richmond Agitation-Sedation Scale	1	1
rau	retention aigu de urine	1	
rau	retention aigue de urine	1	1
rc	remission complet	1	1
rc	reponse complet	1	
rcf	rythme cardiaque foetal	1	1
rcf	rythme cardioftal	1	
rch	recto colite hemorragique	1	1
rch	rectocolique hemorragique	1	
rch	rectocolite hemorragique	1	
rciu	retard de croissance intra uterin	1	1
rcp	reflexe cutane plantaire	1	1
rcp	reflexe cutane plantaires	1	
rcp	reflexe cutaneo plantaire	1	
rcp	reflexe cutaneoplantaire	1	
rcp	reflexe cutaneoplantaires	1	
rcp	reunion de concertation pluridisciplinaire	2	1
rd	rdv	1	1
rd	residence	2	1
rdc	rez de chaussee	1	1
rdv	rdvs	1	
rdv	rendez vous	1	1
rea	reanimation	1	1
rea	reanimatoire	1	
reduc	reduction	1	1
reeduc	reeducation	1	1
reeval	reevaluation	1	1
ref	reference	1	1
reg	regulier	1	1
reg	reguliers	1	
regulie	reguliers	1	1
rehab	rehabilitation	1	1
remp	remplacement	1	1
ren	renal	1	1
ren	renale	1	
rep	reprise	1	1
res	residence	1	1
resp	respiratoire	1	1
respi	respiratoire	1	1
ret	retrecissement	1	1
retv	resection endoscopique de tumeur de vessie	1	1
rev	revlimid	1	1
rf	radio frequence	1	1
rf	radiofrequence	1	
rgo	reflux gastro oesophagien	1	1
rgo	regurgitation	1	
rh	rhesus	1	1
rhd	regime hygieno dietetique	1	1
rhd	regle hygieno dietetique	1	
rhd	regles hygieno dietetique	1	
rhd	regles hygieno dietetiques	1	
rhd	regles hygienodietetiques	1	
rhj	reflux hepato jugulaire	1	1
rhj	reflux hepatojugulaire	1	
rhum	rhumatisme	1	1
rhum	rhumatoide	2	1
rhumato	rhumatoide	1	1
rhumato	rhumatologique	1	
rin	ratio international normalise	1	1
ris	remission stable	1	1
rm	retrecissement mitral	1	1
rnp	anticorps anti-RNP	1	1
ror	rougeole oreillons rubeole	1	1
rot	reflexe osteo tendineux	1	1
rot	reflexe osteotendineux	1	
rot	reflexe reflexe osteo tendineux	1	
rot	reflexe reflexe osteotendineux	1	
rot	reflexe reflexes osteotendineux	1	
rot	reflexes osteo tendineux	1	
rot	reflexes osteotendineux	1	
rova	rovamycine	1	1
rp	radiographie pulmonaire	1	1
rpm	reflexe photo moteur	1	1
rpm	reflexe photo moteurs	1	
rpm	reflexe photomoteur	1	
rpm	reflexe photomoteurs	1	
rpm	reflexes photomoteurs	1	
rrs	regulier sinusal	1	
rrs	rythme regulier sinusal	1	1
rs	rythme sinusal	1	1
rt-pcr	reverse transcription polymerase chain reaction	1	1
rtca	ratio temps de cephaline active	1	1
rte	radiotherapie	1	1
rte	route	2	1
rtup	resection trans urethrale de prostate	1	1
rtup	resection trans uretrale de prostate	1	
rtup	resection transuretrale de prostate	1	
rtuv	resection transuretrale de vessie	1	1
rtx	rituximab	1	1
ru	revision uterine	1	1
rv	rdv	1	
rv	remplacement de le valve	2	
rv	remplacement de valve	2	
rv	remplacement valvulaire	2	1
rv	rendez vous	1	1
rv	retrecissement valvulaire	3	1
rva	remplacement de valve aortique	1	1
rvao	remplacement de valve aortique	1	
rvao	remplacement valve aortique	1	
rvao	remplacement valvulaire aortique	1	1
rvm	remplacement de valve mitral	1	
rvm	remplacement de valve mitrale	1	
rvm	remplacement valve mitrale	1	
rvm	remplacement valvulaire mitral	1	1
rvp	retour veineux pulmonaire	1	1
rvpa	retour veineux pulmonaire anormal	1	1
rvpi	retrolaminar paravertebral infiltration	1	1
rvu	reflux vesico-ureteral	1	1
rx	radiographie	1	1
rxt	radiotherapie	1	1
rythmiq	rythmique	1	1
s1	vertebre sacre 1	1	1
s1	semaine 1	2	1
s2	semaine 2	1	1
s6	semaine 6	1	1
sa02	sat02	1	
sa02	saturation en oxygene	1	1
sad	sonde a demeure	1	1
saf	syndrome d'alcoolisation fotale	1	1
sahos	syndrome d'apnees/hypopnees obstructives du sommeil	1	1
sam	samedi	1	1
sam	syndrome de activation macrophagique	2	1
sams	staphylococcus aureus sensible a la meticilline	1	1
samu	service d'aide medicale urgente	1	1
sao	sao2	1	
sao	saturation arterielle en oxygene	1	1
sao2	sat o2	1	
sao2	sato2	1	
sao2	saturation en o2	1	1
saos	syndrome d'apnee obstructive du sommeil	1	1
sapl	syndrome du anti phospholipide	1	
sapl	syndrome du antiphospholipides	1	1
sarm	staphylococcus aureus resistant a la meticilline	1	1
sars	Syndrome respiratoire aigu severe	1	1
sars-cov-2	Syndrome respiratoire aigu severe a coronavirus 2	1	1
sas	s a s	1	
sas	saos	1	
sas	sd apnee du sommeil	1	
sas	soas	1	
sas	syndrome apnee du sommeil	1	1
sas	syndrome apnee sommeil	1	
sasm	staphylocoque aureus sensible a la meticilline	1	1
sat	sat02	1	
sat	sato2	1	
sat	saturation en oxygene	1	1
sau	chambre implantable	1	1
sau	chambre implantable percutanee	1	
sc	soins continus	1	1
sc	sous-cutane	2	1
sca	sd coronarien aigu	1	
sca	syndrome coronaire aigu	1	
sca	syndrome coronarien aigu	1	1
scan	scanner	1	1
scan	scannographique	1	
scan	scanographique	1	
scann	scanner	1	1
scapula	scapulaire	1	1
scb	surface corporelle brulee	1	1
schizo	schizophrenie	1	1
scinti	scintigraphie	1	1
scl	anti-Scl70	1	1
scm	sterno-cleido-mastoidien	1	1
scp	Stimulation cerebrale profonde	1	1
sd	sndrome	1	
sd	sydnrome	1	
sd	sydrome	1	
sd	synd	1	
sd	syndome	1	
sd	syndorme	1	
sd	syndrom	1	
sd	syndrome	1	1
sd	syndromme	1	
sdc	suites de couche	1	1
sdf	sans domicile fixe	1	1
sdhea	sulfate de dehydroepiandrosterone	1	1
sdl	signe de lutte	1	1
sdra	syndrome de detresse respiratoire aigu	1	1
sec	secheresse	1	1
sec	secondes	2	1
secu	securite	1	1
seeg	stereo electroencephalographie	1	1
sees	Sonde d'entrainement electrosystolique	1	1
sem	semaine	1	1
sens	sensibilite	1	1
sep	sclerose en plaque	1	1
sep	sclerose en plaques	1	
sep	septembre	2	1
seps	sepsis	1	1
sept	septembre	1	1
septe	septembre	1	1
serm	selective estrogen receptor modulators	1	1
sero	serologie	1	1
sf	sage femme	1	1
sf	signe fonctionnel	2	1
sfad	sage femme a domicile	1	1
sfad	sage femme au domicile	1	
sfu	signe fonctionnel urinaire	1	1
sfu	symptome fonctionnel urinaire	1	
sg	sang	1	1
sg	score de glasgow	2	1
sg	signe	3	1
sgb	Streptocoque du grougpe B	1	1
sgl	signal	1	1
she	syndrome hypereosinophilique	1	1
shu	syndrome hemolytique uremique	1	1
sia	septum interatrial	1	1
siadh	syndrome de secretion inapproprie d'hormone antidiuretique	1	1
sib	syndrome inflammatoire biologique	1	1
sida	syndrome de l'immunodeficience acquise	1	1
sigm	sigmoidienne	1	1
sigmoido	sigmoidostomie	1	1
sinus	sinusien	1	1
sinus	sinusiennes	1	
sirs	syndrome de reponse inflammatoire systemique	1	1
situ	situation	1	1
sjm	saint jude medical	1	1
sla	sclerose lateral amyotrophique	1	1
sli	stimulation lumineuse intermittente	1	1
smd	syndrome myelodysplasique	1	1
smg	splenomegalie	1	1
smp	syndrome myeloproliferatif	1	1
smur	service medical d'urgence et de reanimation	1	1
sn	syndrome nephrotique	1	1
snc	Systeme nerveux central	1	1
sng	sonde naso gastrique	1	1
sng	sonde nasogastrique	1	
so2	sao2	1	
so2	sat o2	1	
so2	sato2	1	
so2	saturation en oxygene	1	1
so2	spo2	1	
sofa	sepsis related organ failure	1	1
soid	syndrome d'obstruction intestinale distale	1	1
sol	solution	1	1
sopk	syndrome du ovaire polykystique	1	1
sp	saturation partielle	1	1
sp02	saturation en oxygene	1	1
spa	spondylarthite	1	1
spa	spondylarthopathie	1	
spa	spondylarthrite	1	
spa	spondylarthropathie	1	
spa	spondylartrite	1	
spa	spondylathrite	1	
spa	spondyloarthrite	1	
spe	specifique	1	1
sphinctero	sphincterotomie	1	1
spi	sciatique poplite interne	1	1
spino	spinocellulaire	1	1
spo	saturation en oxygene	1	1
spo	spo2	1	
spo2	saturation arterielle en oxygene	1	1
spp	species plurimae	1	1
sppb	Score pour bilan de chutes : muscles, marche et equilibre	1	1
sq	sequellaire	1	1
sq	sequellaires	1	
sq	sequelle	1	
sr	soir	1	1
sro	solute de rehydratation orale	1	1
ssa	Anticorps anti-SSA	1	1
ssb	anticorps anti ssb	1	1
ssm	sensitivo moteur	1	1
ssm	sensitivomoteur	1	
sspi	salle de surveillance post-interventionnelle	1	1
ssr	soins de suite et readaptation	1	1
st	saint	1	1
st	segment ST	2	1
stap	staphylocoque	1	1
staph	staphylocoque	1	1
staphylo	staphylocoque	1	1
steato	steatose	1	1
sten	stenose	1	1
stent	stenting	1	1
stim	stimulateur	1	1
stim	stimulation	1	
strepto	streptococcus	1	1
strepto	streptocoque	1	
strip	stripping	1	1
sufenta	sufentanil	1	1
sup	superficiel	1	1
sup	superieur	2	1
sup	superieurs	2	
superf	superficiel	1	1
supp	supplementation	1	1
surf	surface	1	1
surv	surveillance	1	1
susp	suspension	1	1
susp	suspicion	2	1
suspi	suspicion	2	1
suv	Standardized Uptake Value	1	1
sv	sonde vesical	1	1
sv	supraventriculaire	2	1
svcr	syndrome de vasoconstriction cerebrale reversible	1	1
svo	svo2	1	1
svo2	saturation veineuse en oxygene	1	1
svp	stenose valvulaire pulmonaire	1	1
sym	symetrique	1	1
sym	symetriques	1	
sympto	symptomatique	1	1
synd	syndrome	1	1
syndr	syndrome	1	1
syst	systolique	1	1
systo	systolique	1	1
t10	vertebre thoracique 10	1	1
t11	vertebre thoracique 11	1	1
t12	vertebre thoracique 12	1	1
t21	trisomie 21	1	1
t3	triiodothyronine	1	1
t4	thyroxine, tetraiodothyronine	1	1
t4l	t4 libre	1	1
ta	tension arterielle	1	1
taba	tabagisme	1	1
tabc	tabac	1	1
tachy	tachycardie	1	1
tag	troubles anxieux generalises	1	1
tap	thoraco abdomino pelvien	1	1
tapc	scanner thoraco-abdomino-pelvien et cerebral avec injection de produit de contraste	1	1
tass	tassement	1	1
tavi	implantation trans catheter de valve aortique	1	1
tazo	tazociline	1	
tazo	tazocilline	1	1
tb	tbl	1	
tb	tble	1	
tb	tbs	1	
tb	trb	1	
tb	trbl	1	
tb	trbles	1	
tb	trouble	1	1
tb	troubles	1	
tbpi	Toe Brachial Pressure Index	1	1
tbrp	tres bonne reponse partielle	1	1
tbs	troubles	1	1
tc	tonico clonique	1	
tc	trauma cranien	1	
tc	traumatisme cranien	1	1
tca	temps de cephaline activee	1	1
tcar	abord transcarotidien	1	1
tcar	Cellules T-CAR chimeric antigen receptor	2	1
tcar	trans carotide artery revascularization	1	
tcc	traumatisme cranio-cerebral	1	1
tcg	tronc commun gauche	1	1
tck	temps de cephaline kaolin	1	1
tcmh	teneur corpusculaire moyenne en hemoglobine	1	1
tcpo2	mesure transcutanee de la pression partielle d'oxygene	1	1
tcr	Recepteurs d'antigene des lymphocytes T	1	1
tdah	Trouble du deficit de l'attention avec ou sans hyperactivite	1	1
tdm	tomodensitometrie	1	1
tdmc	tomodensitometrie cerebral	1	1
tdmc	tdm crane	1	
tdr	test de depistage rapide	1	1
tel	telephone	1	1
temp	temporal	1	1
tension	tensionnelle	1	1
tep	tepscan	1	
tep	tepscanner	1	
tep	teptdm	1	
tep	tomographie par émission de positons	1	1
testi	testiculaire	1	1
testosterone	testosteronemie	1	1
tg	thyroglobuline	1	1
tg	triglyceride	2	1
tgo	transaminase glutamo-oxaloacetique	1	1
tgp	Glutamate-pyruvate-transaminase	1	1
tgv	transposition du gros vaisseau	1	1
th	transplantation hépatique	1	1
thc	tetrahydrocannabidiol	1	1
therap	therapeutique	1	1
tho	thoracique	1	
tho	thorax	1	1
thor	thoracique	1	1
thrombo	thromboembolique	1	1
thrombo	thrombotique	1	
ths	traitement hormonal substitutif	1	1
thyr	thyroide	1	1
thyr	thyroidien	1	
thyroidect	thyroidectomie	1	1
tic	tension intracranienne	1	1
tiff	tiffenau	1	
tiff	tiffeneau	1	1
tih	thrombopenie induite par l'heparine	1	1
tips	transjugular intrahepatic portosystemic shunt	1	1
tiv	thrombolyse intraveineux	1	1
tj	turgescence jugulaire	1	1
tlco	transfert pulmonaire du monoxyde de carbone	1	1
tmax	temps d'atteinte de la concentration maximale Cmax	1	1
tn	taille de naissance	1	1
tne	tumeur neuro endocrine	1	1
tne	tumeur neuroendocrine	1	
tne	tumeur neuroendocrines	1	
tnf	Tumour Necrosis Factor alpha	1	1
tnm	Score taille de la tumeur, adenopathies regionales, metastases	1	1
to	tension oculaire	1	1
toc	trouble obsessionnel compulsif	1	1
togd	transit oesogastroduodenal	1	1
tonico	tonicoclonique	1	1
tonico	tonicocloniques	1	
tot	total	1	1
tot	totale	1	
tox	toxicite	1	1
tox	toxique	1	
toxi	toxicite	1	1
toxico	toxicomane	1	1
toxico	toxicomanie	1	
toxo	toxoplasmose	1	1
tp	taux de prothrombine	1	1
tpe	traitement post-exposition au VIH	1	1
tpha	Treponema Pallidum Hemagglutinations Assay	1	1
tpmt	thiopurine S-methyltranferase	1	1
tpo	thyroperoxydase	1	1
tq	temps de Quick	1	1
tr	toucher rectal	1	1
tr	trouble	2	1
tr	troubles	2	
tram	trame	1	1
trans	transfusionnel	1	1
transfu	transfusion	1	1
transfu	transfusionnel	1	
transp	transplantation	1	1
transplant	transplantation	1	1
traps	Tumor necrosis factor receptor - assoiated periodic syndrome,	1	1
traum	traumatisme	1	1
trauma	traumatique	1	
trauma	traumatisme	1	1
traumat	traumatique	1	
traumat	traumatisme	1	1
trc	temps de recoloration cutane	1	1
tritronc	tritronculaire	1	1
tritronc	tritronculaires	1	
tropo	troponine	1	1
tropo	troponinemie	1	
tropo	troponines	1	
troponine	troponinemie	1	1
ts	tentatives de suicide	1	1
tsa	tronc supra aortique	1	1
tsh	thyroid stimulating hormone	1	1
tsh	tshus	1	
tsv	tachycardie supra ventriculaire	1	1
tsv	tachycardie supraventriculaire	1	
tt	traitement	1	1
tt	traitment	1	
tt	trt	1	
tt	ttt	1	
ttr	traitement	1	1
ttr	traiter	1	
ttr	transthyretine	2	1
tts	traitement de sortie	1	1
ttt	traitement	1	1
ttt	traitements	1	
ttt	traitemetn	1	
ttt	traitmement	1	
ttt	traitment	1	
ttt	tratement	1	
tub	tuberculeuse	1	1
tub	tuberculeux	1	
tub	tuberculose	1	
tug	timed up and go	1	1
turbuh	turbuhaler	1	1
tv	tachycardie ventriculaire	1	1
tvc	thrombose veineuse cerebrale	1	1
tvnim	tumeur vesicale n'infiltrant pas le muscle	1	1
tvns	Tachycardie ventriculaire non soutenue	1	1
tvo	trouble ventilatoire obstructif	1	1
tvo	trouble ventilatoires obstructif	1	
tvp	thrombose veineuse profonde	1	1
tvp	thrombose veineux profond	1	
tvr	trouble ventilatoire restrictif	1	1
tvs	thrombose veineux superficiel	1	1
tvt	tension free vaginal tape	1	1
u23	unite 23	1	1
u28	unite 28	1	1
u8	unite 8	1	1
ud	ugd	1	
ud	ulcere digestif	1	1
ud	ulcere duodenal	1	
uf	unite fonctionnelle	1	1
ug	microgramme	1	1
ugd	ulcere gastro duodenal	1	1
ugd	ulcere gastroduodenal	1	
ugd	ulcere gastroduodenaux	1	
uh	unite hounsfield	1	1
uhcd	unite d'hospitalisation de courte duree	1	1
ui	unite	1	1
ui	unites	1	
urg	urgence	1	1
uro	urologie	1	1
uro	urologique	1	
uro	urologue	1	
usc	unite de soin continu	1	1
usca	Unite de soins complexes en addictologie	1	1
usic	unite de soin continu	1	1
usld	unite de soins de longue duree	1	1
usp	unite de soin palliatif	1	1
uv	ultra-violet	1	1
vac	vaccination	1	1
vac	Vacuum Assisted Closure	2	1
vaci	ventilation assistee controlee intermittente	1	1
vad	visite a domicile	1	1
vads	voies aerodigestives superieures	1	1
vanco	vancomycine	1	1
vas	voies aeriennes superieures	1	1
vasc	vasculaire	1	1
vascu	vasculaire	1	1
vat	vaccination anti tetanique	1	1
vat	vaccination antitetanique	1	
vav	valve atrioventriculaire	1	1
vav	valve auriculo ventriculaire	1	
vb	vesicule biliaire	1	1
vb	voie biliaire	2	1
vbih	Voies biliaires intra-hepatiques	1	1
vbp	voie biliaire principale	1	1
vca	viral capsid antigen	1	1
vce	videocapsule endoscopique	1	1
vci	veine cave inferieur	1	1
vcm	vitesse de conduction motrice	1	1
vcs	veine cave superieur	1	1
vct	Variation a Court Terme	1	1
vd	ventriculaire droit	1	
vd	ventriculaire droite	1	
vd	ventricule droit	1	1
vd	vtd	1	
vddi	ventricule droit a double issue, double outlet right ventricle	1	1
vdrl	Venereal Disease Research Laboratory	1	1
veget	vegetations	1	1
vegf	vasoendothelial growth factor, facteur de croissance vaso (ou vasculo)-endothelial (proteine)	1	1
vein	veineuse	1	
vein	veineux	1	1
vems	volume expiratoire maximal par seconde	1	1
vent	ventriculaire	1	1
vento	ventoline	1	1
ves	volume d'ejection systolique	1	1
vesic	vesiculaire	1	1
vesic	vesiculaires	1	
vg	ventriculaire gauche	1	1
vg	ventricule gauche	1	
vgm	volume globulaire moyen	1	1
vgpr	very good partial response	1	1
vha	virus hepatite a	1	1
vhb	viral hbv	1	
vhb	virus hepatite b	1	1
vhc	virus hepatite c	1	1
vhd	virus de l'hepatite D	1	1
vhe	virus de l'hepatite E	1	1
vhl	Maladie de Von Hippel Lindau	1	1
vih	vih1	1	
vih	virus de l'immunodeficience humaine	1	1
vip	Vasoactive Intestinal Peptide	1	1
vip	visite d'information et de prevention	2	1
viro	virologie	1	1
visc	visceral	1	1
vit	vitamine	1	1
vl	vehicule leger	1	1
vl	ventricule lateral	2	1
vm	valve mecanique	1	1
vm	valve mitral	2	1
vm	ventilation mecanique	3	1
vmax	vitesse maximal	1	1
vme	version par manuvre externe	1	1
vms	vitesse maximale systolique	1	1
vni	ventilation non invasive	1	1
vns	stimulation neuro-vagale	1	1
vo	varice oesophagienne	1	1
vo	voie oral	1	
vo2	consommation maximale d'oxygene	1	1
vo2max	consommation maximale d'oxygene (en l/min)	1	1
vp	veine pulmonaire	1	1
vpn	valeur predictive negative	1	1
vppb	vertige positionnel paroxystique benin	1	1
vr	volume residuel	1	1
vrd	velcade revlimid dexamethasone	1	1
vrs	virus respiratoire syncytial	1	1
vs	versus	1	1
vs	vitesse de sedimentation	2	1
vs-ai	ventilation spontanee avec aide inspiratoire	1	1
vs-pep	ventilation spontanee avec une pression expiratoire positive externe	1	1
vsai	ventilation spontanee avec aide inspiratoire	1	1
vsh	veine sus hepatique	1	1
vsl	Vehicule sanitaire leger	1	1
vsm	volet de synthese medicale	1	1
vtd	volume telediastolique	1	1
vtdvd	volume telediastolique ventriculaire droit	1	1
vtdvg	volume telediastolique ventriculaire gauche	1	1
vts	vitesse	1	1
vv	volume ventriculaire	1	1
vvc	voie veineux central	1	1
vvi	Mode VVI pacemaker	1	1
vvi	stimulation Ventricule, detection Ventricule, Inhibition si activite detectee	1	
vvir	single-chamber ventricular demand	1	1
vvp	valvuloapthie	1	1
vvp	valvulopathie	1	
vvp	valvulopathies	1	
vvp	valvulpathie	1	
vvp	valvuopathie	1	
vvp	vavulopathie	1	
vvp	voie veineux peripherique	2	1
vvp	vvpathie	1	
vvp	vvpie	1	
vzv	virus varicelle-zona	1	1
wfns	World Federation of Neurologic Surgeons	1	1
wpw	syndrome de Wolff-Parkinson-White	1	1
xa	Activite anti facteur dix	1	1
xylo	xylocaine	1	1
zyma	zymad	1	1
